rating,north_european_dark_production
1.0,Health Freaks
1.0,The Package: A Tale of Human Trafficking
1.0,Battle Nun: Key to Heaven
1.1,Pembrook
1.2,The Hierarchy
1.2,Caustic Zombies
1.2,Spirits Among Us
1.3,Till Death... Do Us Part
1.3,I Hate L.A.
1.3,The Queen of Screams
1.4,Young Death
1.4,Death of a Saleswoman
1.4,Deadly Strike 1
1.4,The Locker
1.4,The Man in the Garage
1.5,Captive
1.5,Heaven and Hell
1.5,Haunted House
1.5,Koreatown
1.5,Recycled Parts
1.5,Voyeur
1.5,Captive
1.6,Tiny Little Lies
1.6,Vampireland (AKA The 6th Extinction)
1.6,You Have the Right to Remain Violent
1.6,Maple Palm
1.6,A Chemical Skyline
1.6,The Complex
1.6,The Red Cell
1.6,The Red Cell
1.6,David Hammerfist: Hammerfists of Fury
1.6,David Hammerfist: Hammerfists of Fury
1.6,Sorority Sister Slaughter
1.6,The Arriviste
1.7,Vampireland
1.7,My Wife Is a Zombie
1.7,My Wife Is a Zombie
1.7,Blood Angel
1.7,Shadow of a Candle
1.7,Blood Angel
1.7,Blood of Ohma
1.7,On a Dark and Stormy Night
1.7,On a Dark and Stormy Night
1.8,Betrayal
1.8,Tape Me: Reel 1
1.8,The Talonted Never Lose
1.8,Tape Me: Reel 1
1.8,Tape Me: Reel 1
1.8,The Factory on 5th
1.8,Stockholm Volume III
1.8,Stitches
1.8,On the Edge: The Femicide in Ciudad Juarez
1.9,Buried in Tucson
1.9,Supercroc
1.9,The Man in the Maze
1.9,Strip Club Slasher
1.9,Dead on Site
1.9,12/12/12
1.9,Disaster Movie
1.9,Drunk Dumb Fucks
1.9,Feral
1.9,Feral
1.9,Two Days of the Past
1.9,Cold Blood Canyon
1.9,The Man in the Maze
1.9,Strip Club Slasher
2.0,The Wolf at the Door
2.0,Good Chemistry
2.0,Death Toll
2.0,The Wolf at the Door
2.0,Awaken the Dead
2.0,Death Toll
2.0,The Black Knight - Returns
2.0,The Da Vinci Treasure
2.0,The Hiding
2.0,Hellweek
2.0,Coldwood
2.0,The Rope
2.0,Suitable for Murder
2.0,Suitable for Murder
2.0,Dust Box
2.0,Suitable for Murder
2.0,Lethal Obsession
2.1,Ecstasy of Gold
2.1,Solitaire
2.1,Immortally Yours
2.1,Served Cold
2.1,Solitaire
2.1,The Devil Within
2.1,SEAL Team VI
2.1,Where One Stands
2.1,Dead & Nowhere
2.1,SEAL Team VI
2.1,The Bastard Men of Root Flats
2.1,Followed Home
2.1,Burlesque Massacre
2.1,Cult Vol. 1
2.1,Dead iSland
2.1,The Last Troubadour
2.1,The Last Troubadour
2.1,The Last Troubadour
2.2,Hopeless
2.2,Dead West
2.2,Dead West
2.2,Tom and Jeraldine
2.2,Kill
2.2,Kill
2.2,Pancho and Lefty
2.2,Schlaraffenhaus
2.2,Hopeless
2.2,Hopeless
2.2,Witchmaster General
2.2,The Two Men
2.2,Missfostrad
2.2,FrightWorld
2.2,How to Survive a Horror Film: Cabin in the Woods
2.2,Missfostrad
2.2,Spiker
2.2,FrightWorld
2.2,Spiker
2.3,The Occultist
2.3,Jump Out Boys
2.3,Vampire in Vegas
2.3,Chompers
2.3,Jump Out Boys
2.3,Jump Out Boys
2.3,Blood & Guts
2.3,Blood & Guts
2.3,Blood & Guts
2.3,33 Griffin Lane
2.3,Epic Movie
2.3,Trust Issues
2.3,Epic Movie
2.3,Trust Issues
2.3,A Viking Saga
2.3,Dracula's Curse
2.3,A Viking Saga
2.3,My Bloody Wedding
2.3,869
2.4,Underworld Cats
2.4,Holla If You Hear Me
2.4,Fashion Victim
2.4,Sobaka
2.4,I Know Who Shot You
2.4,Dawna of the Dead
2.4,Mutants
2.4,Underworld Cats
2.4,Hector
2.4,Bryan Loves You
2.4,Death Ride
2.4,Welcome to Dreadville III: The Lottery
2.4,Calendar Girl
2.4,Hector
2.4,300 Killers
2.4,Hector
2.4,Game Over
2.4,Lawson: White Heat
2.4,A Gentle Art
2.4,Calendar Girl
2.5,Panman
2.5,Unrated: The Movie
2.5,Satan's Playground
2.5,Surrender
2.5,Unrated: The Movie
2.5,The Hitchhiker
2.5,The Hitchhiker
2.5,The Hitchhiker
2.5,Dismal
2.5,New Day
2.5,No Strings 2: Playtime in Hell
2.5,Dismal
2.5,Don't Go in the Woods
2.5,The Shadow People
2.5,Trance
2.5,Satan's Playground
2.5,No Strings 2: Playtime in Hell
2.5,Dismal
2.6,The City Is Mine
2.6,Sea of Fear
2.6,Bloody Good Ratings
2.6,Ninjas vs. Vampires
2.6,Ninjas vs. Vampires
2.6,Blood Loss
2.6,Buried Secrets
2.6,Time Again
2.6,Shark in Venice
2.6,Blank
2.6,2
2.6,A Season for Brooding
2.6,The Thirst: Blood War
2.6,The Last Resort
2.6,N-Secure
2.6,Mord på mere end én Måde
2.6,Underground Kings
2.6,The City Is Mine
2.6,The Brotherhood V: Alumni
2.6,The City Is Mine
2.6,The City Is Mine
2.6,The City Is Mine
2.6,The City Is Mine
2.7,Sigma Die!
2.7,Ace the Zombie: The Motion Picture
2.7,Shark Week
2.7,The Grind
2.7,Sigma Die!
2.7,Popular
2.7,The Period
2.7,Creature of Darkness
2.7,Living the American Nightmare
2.7,Four
2.7,Mute
2.7,Mute
2.7,Exorcism: The Possession of Gail Bowers
2.7,Salvation
2.7,Jezebeth
2.7,Exorcism: The Possession of Gail Bowers
2.7,Fistful of Brains
2.7,Son of Terror
2.7,The Inheritance
2.7,Exorcism: The Possession of Gail Bowers
2.7,The Legend of Bloody Mary
2.7,The Legend of Bloody Mary
2.7,Through the Valley
2.7,Through the Valley
2.8,Amateur Porn Star Killer 2
2.8,Solace
2.8,Black Ribbon
2.8,Hellraiser: Revelations
2.8,Black Ribbon
2.8,Six Sex Scenes and a Murder
2.8,Imprint
2.8,Drain Desert Tanner
2.8,A Feast of Flesh
2.8,Johnny Sunshine Maximum Violence
2.8,Karma's Choice
2.8,Tontine Massacre
2.8,Rasche Rd.
2.8,Cult
2.8,Identical
2.9,Driller
2.9,Sum of the Parts
2.9,Consequences
2.9,Lifted
2.9,Ninjas vs. Zombies
2.9,House of Usher
2.9,Bloodrayne: The Third Reich
2.9,Bloodrayne: The Third Reich
2.9,Lure
2.9,Beyond the Wall of Sleep
2.9,Bloodrayne: The Third Reich
2.9,House of Usher
2.9,Bloodrayne: The Third Reich
2.9,Ninjas vs. Zombies
3.0,The Choke
3.0,Reel Evil
3.0,The Missing Frame
3.0,A Hammer Fell in Jerusalem: Anathema
3.0,A Matter of Justice
3.0,Heart Rock Point
3.0,Playing with Fire
3.0,Dogs of Chinatown
3.0,Dogs of Chinatown
3.0,From the Inside
3.0,From the Inside
3.0,The Legend Trip
3.0,15 Till Midnight
3.0,15 Till Midnight
3.0,Shattered Hopes: The True Story of the Amityville Murders - Part I: From Horror to Homicide
3.0,2001 Maniacs: Field of Screams
3.0,2001 Maniacs: Field of Screams
3.0,Disarmed
3.0,The King of Fighters
3.0,Grave Danger
3.0,The King of Fighters
3.0,The King of Fighters
3.0,The King of Fighters
3.0,The King of Fighters
3.0,The Choke
3.0,The King of Fighters
3.0,Death Calls
3.0,Disarmed
3.0,Infernum
3.0,Thy Will Be Done
3.0,Disarmed
3.0,Wicked Lake
3.1,Amateur Porn Star Killer
3.1,Defective Man!
3.1,Street Soldiers
3.1,Dragonball Evolution
3.1,BreadCrumbs
3.1,Dragonball Evolution
3.1,Die Füchsin
3.1,White Wall
3.1,BreadCrumbs
3.1,Die Füchsin
3.1,Die Füchsin
3.1,Ilegales
3.1,Jessicka Rabid
3.1,The Inherited
3.1,The Inherited
3.1,Highlander: The Source
3.1,Highlander: The Source
3.1,The Confessional
3.1,One-Eyed Horse
3.1,A Gentlemen's Agreement
3.1,When a Man Loves a Woman
3.1,When a Man Loves a Woman
3.1,Knock 'em Dead
3.1,Knock 'em Dead
3.1,Knock 'em Dead
3.1,In Harm's Way
3.1,Amateur Porn Star Killer
3.1,Knock 'em Dead
3.1,Knock 'em Dead
3.1,Knock 'em Dead
3.1,Detention of the Dead
3.1,Sons of Perdition
3.1,Body in a Dumpster
3.1,The Cursed
3.1,Necrosis
3.1,Death Warrior
3.1,White Wall
3.1,The Haunting of Marsten Manor
3.2,Finders Keepers: The Root of All Evil
3.2,The Pit and the Pendulum
3.2,The Seduction of Dr. Fugazzi
3.2,The Seduction of Dr. Fugazzi
3.2,Finders Keepers: The Root of All Evil
3.2,The Absent
3.2,Cannibal Diner
3.2,The Seduction of Dr. Fugazzi
3.2,Cannibal Diner
3.2,Universal Squadrons
3.2,Universal Squadrons
3.2,KillerKiller
3.2,Southern Justice
3.2,No Right Turn
3.2,Southern Justice
3.2,Karl the Butcher vs Axe
3.2,The Chauffeur
3.2,Saw Spoofed
3.2,Circle
3.2,Sculpture
3.2,Finders Keepers: The Root of All Evil
3.2,The Absent
3.2,Bled
3.2,Karl the Butcher vs Axe
3.2,I.R.A.: King of Nothing
3.2,The Absent
3.2,Mexican Gold
3.2,American Style
3.2,Mexican Gold
3.2,Drain
3.2,Tomboys
3.2,The Morgue
3.2,KillerKiller
3.3,The Way of War
3.3,Interstate
3.3,Sawblade
3.3,Tournament of Dreams
3.3,All in the Game
3.3,Changing Hands
3.3,The Way of War
3.3,Where's Julie?
3.3,Pentagon
3.3,Where's Julie?
3.3,The Way of War
3.3,Pentagon
3.3,Scarlet Moon
3.3,Pentagon
3.3,In Her Line of Fire
3.3,Little Bruno
3.3,Freakshow
3.3,Chainsaw Cheerleaders
3.3,In Her Line of Fire
3.3,In Her Line of Fire
3.3,Paper Boys
3.3,Six Gun
3.3,Vampires Suck
3.3,Max Havoc: Ring of Fire
3.3,Where's Julie?
3.3,The Green Monster
3.3,Kill Devil Hill
3.3,Slashers Gone Wild!
3.3,The Thickness of Delirium
3.3,Vampires Suck
3.3,Slices of Life
3.3,Slices of Life
3.3,In Her Line of Fire
3.3,The Thickness of Delirium
3.4,Shoot the Duke
3.4,Ballistica
3.4,Blind Love
3.4,Blind Love
3.4,Ballistica
3.4,The Gay Bed and Breakfast of Terror
3.4,Drawn in Blood
3.4,Malevolent Ascent
3.4,Decrepit Crypt of Nightmares
3.4,La petite mort
3.4,Don't Look Up
3.4,Hand 2 Hand
3.4,Decrepit Crypt of Nightmares
3.4,Trouble on a Plane
3.4,Don't Look Up
3.4,Hand 2 Hand
3.4,Cherry Bomb
3.4,Soft Target
3.4,Soft Target
3.4,Soft Target
3.4,Hallettsville
3.4,Bloody Wedding
3.4,Bloody Wedding
3.4,Zombies Vs. Strippers
3.4,Finale
3.5,Cassandra
3.5,Cassandra
3.5,51
3.5,Don't Wake the Dead
3.5,Girls Gone Dead
3.5,B-Girl
3.5,B-Girl
3.5,Zompyres: Texas
3.5,Lies & Illusions
3.5,Lies & Illusions
3.5,Craig
3.5,The Absence of Light
3.5,Auschwitz
3.5,Rovdrift
3.5,Lesser of Three Evils
3.5,Rovdrift
3.5,The Last Farewell
3.5,The Absence of Light
3.5,The Last Farewell
3.5,The Last Farewell
3.5,Rovdrift
3.5,Cherry.
3.5,Killer Shorts
3.5,Cassandra
3.5,Craig
3.5,Four Stories of St. Julian
3.5,Smiley
3.5,Craig
3.5,Manje'
3.5,Banshee!!!
3.5,Cassandra
3.5,Cassandra
3.5,Minotaur
3.5,Craig
3.5,Pelt
3.5,Minotaur
3.5,Pelt
3.5,Mother's Day Massacre
3.5,Final Move
3.5,Cassandra
3.5,Mother's Day Massacre
3.5,Four Stories of St. Julian
3.5,The Oregonian
3.5,Devil's Grove
3.5,One in the Gun
3.6,Blind Turn
3.6,I Know Who Killed Me
3.6,Down the Road
3.6,Blur
3.6,The Wicker Man
3.6,The Wicker Man
3.6,The Wicker Man
3.6,Bloody Mary
3.6,Ud af mørket
3.6,The Wicker Man
3.6,Eat Me!
3.6,Blind Turn
3.6,Blind Turn
3.6,Blind Turn
3.6,Dangerous Calling
3.6,Gegengerade
3.6,ROT: Reunion of Terror
3.6,Hirokin
3.6,Frankenstein's Bloody Nightmare
3.6,Naked Beneath the Water
3.6,The Last Sentinel
3.6,The Last Sentinel
3.6,Rotkäppchen: The Blood of Red Riding Hood
3.6,The Legacy
3.6,Bite Marks
3.6,The Lowborn
3.6,Chemical 13
3.6,Pledge of Allegiance
3.6,One Night
3.6,One Night
3.6,Burned Soul
3.6,Darkness Surrounds Roberta
3.6,Plasterhead
3.6,Darkness Surrounds Roberta
3.6,Backroad
3.6,Jewbat
3.6,Down the Road
3.6,Doctor Mabuse
3.6,Plasterhead
3.6,Plasterhead
3.6,Frankenstein's Bloody Nightmare
3.6,Restitution
3.7,Behind the Wall
3.7,Prom Night
3.7,Behind the Wall
3.7,The Woods Have Eyes
3.7,The Waiting
3.7,Bad Blood... the Hunger
3.7,Bad Blood... the Hunger
3.7,The Gateway Meat
3.7,The Gateway Meat
3.7,Reboot
3.7,Behind the Wall
3.7,Neighbor
3.7,Neighbor
3.7,The Darq
3.7,Sebastians Verden
3.7,Tape 407
3.7,Midnight Chronicles
3.7,The Orphan Killer
3.7,A Bloody Mess
3.7,Last Breath
3.7,Trapped
3.7,Hack!
3.7,Street Fighter: The Legend of Chun-Li
3.7,Street Fighter: The Legend of Chun-Li
3.7,Satin
3.7,Blood Bound
3.7,Blood Bound
3.7,Prom Night
3.7,Kill Speed
3.7,Behind the Wall
3.8,100 Ghost Street: The Return of Richard Speck
3.8,In the Name of the King: A Dungeon Siege Tale
3.8,The Sickness
3.8,Windcroft
3.8,Nude Nuns with Big Guns
3.8,Half Moon
3.8,The Devil's Tomb
3.8,Pineapple
3.8,The Devil's Tomb
3.8,The Devil's Tomb
3.8,Half Moon
3.8,Circle of Eight
3.8,100 Ghost Street: The Return of Richard Speck
3.8,Deadtime Stories 2
3.8,Earthship
3.8,The Devil's Tomb
3.8,Vampire Boys 2: The New Brood
3.8,Adjust Your Tracking
3.8,Stephanie's Image
3.8,The Sickness
3.8,The Bunny Game
3.8,Creature
3.8,In the Name of the King: A Dungeon Siege Tale
3.8,The Devil's Tomb
3.8,In the Name of the King: A Dungeon Siege Tale
3.8,The Devil's Tomb
3.8,Toxic
3.8,Something Dark
3.8,Deadtime Stories 2
3.8,Respekt
3.8,In the Name of the King: A Dungeon Siege Tale
3.8,Creature
3.8,Animals
3.8,One Missed Call
3.8,In the Name of the King: A Dungeon Siege Tale
3.8,One Missed Call
3.8,Something Dark
3.8,In the Name of the King: A Dungeon Siege Tale
3.8,The Haunting of Molly Hartley
3.8,100 Tears
3.8,The Haunting of Molly Hartley
3.8,Room 33
3.8,Blood Ties
3.8,Gun Town
3.8,The Haunting of Whaley House
3.8,Vampire Boys 2: The New Brood
3.9,Shark Night 3D
3.9,Die Wildkatzen von St. Pauli
3.9,Sodium Death Kiss
3.9,Deadland
3.9,Deadland
3.9,Die Wildkatzen von St. Pauli
3.9,The Cook
3.9,Shark Night 3D
3.9,Killer Pad
3.9,Drive-In Horrorshow
3.9,Lynch Mob
3.9,G.P.S.
3.9,Récompence
3.9,The Cook
3.9,The Cook
3.9,Melancholie der Engel
3.9,Organism
3.9,Mimesis
3.9,Redrum
3.9,L.A. Zombie
3.9,L.A. Zombie
3.9,Redrum
3.9,11-11-11
3.9,Piranha 3DD
3.9,Piranha 3DD
3.9,Die Wildkatzen von St. Pauli
3.9,Killer Pad
3.9,No Reason
3.9,Hush
3.9,The Echo Game
3.9,The Echo Game
3.9,No Reason
3.9,Hush
3.9,Who Shot Mamba?
3.9,Twisted Sisters
3.9,Hoboken Hollow
3.9,I Don't Wanna Feel Nothin' No More
3.9,Mustang Sally
3.9,The Echo Game
3.9,Notes from the New World
3.9,Crazy Eights
4.0,The House of Usher
4.0,The Next Big Thing
4.0,Ari
4.0,Ari
4.0,Scary or Die
4.0,Forever Yours
4.0,The Human Centipede II (Full Sequence)
4.0,Impact Point
4.0,The Human Centipede II (Full Sequence)
4.0,Forever Yours
4.0,Asylum
4.0,The Collective
4.0,The Collective
4.0,Hood of Horror
4.0,Hoodoo for Voodoo
4.0,Dead Fury
4.0,Sutures
4.0,8 of Diamonds
4.0,7
4.0,Greyscale
4.0,Sutures
4.0,7
4.0,Hoodoo for Voodoo
4.0,Eulogy for a Vampire
4.0,The Creepy Doll
4.0,The Steam Experiment
4.0,Live Evil
4.0,The Steam Experiment
4.0,Living Arrangements
4.0,When a Killer Calls
4.0,Kiss Your Ass Goodbye
4.0,Deadtime Stories
4.0,The Bad Penny
4.0,Snapshot
4.0,The Devil Inside
4.0,Dark Reel
4.0,Shiver
4.0,Shiver
4.0,Shiver
4.0,The Devil Inside
4.0,iMurders
4.0,iMurders
4.0,Sisters
4.0,Sisters
4.0,Basic Instinct 2
4.0,Basic Instinct 2
4.0,Intrusion
4.0,Unearthed
4.0,Nawiedzona Polska
4.0,Unearthed
4.0,Open Graves
4.0,Intrusion
4.0,The WitcHunt
4.0,Dark Reel
4.0,The Moretti House
4.0,Weapons
4.0,Poolboy: Drowning Out the Fury
4.0,Poolboy: Drowning Out the Fury
4.0,Disrupt/Dismantle
4.0,Perfect Hideout
4.0,Disrupt/Dismantle
4.0,Disrupt/Dismantle
4.0,Deadtime Stories
4.0,The Human Centipede II (Full Sequence)
4.1,Grim
4.1,Isolation
4.1,The Thirst
4.1,Dead Boyz Don't Scream
4.1,Luster
4.1,Flight of the Cardinal
4.1,Raymond Did It
4.1,Gutter King
4.1,Room 6
4.1,Raymond Did It
4.1,Monsterpiece Theatre Volume 1
4.1,Monsterpiece Theatre Volume 1
4.1,The Task
4.1,Triloquist
4.1,Bare Knuckles
4.1,Sinatra Club
4.1,Dark Moon Rising
4.1,Just Another Day
4.1,Sinatra Club
4.1,Sinatra Club
4.1,Black Devil Doll
4.1,Amerikan Violence
4.1,Scourge
4.1,The First Time
4.1,Not Even Death
4.1,Fallen
4.1,Nightmare Man
4.1,Nightmare Man
4.1,Dead Boyz Don't Scream
4.1,The Red House
4.1,The Ante
4.1,Prayer Life
4.1,The Vineyard
4.1,Bad Actress
4.2,John's Arm: Armageddon
4.2,How to Stop a Man from Committing Suicide
4.2,The Minstrel Killer
4.2,Vampires Kiss/Blood Inside
4.2,The Gundown
4.2,Hampshire
4.2,A Chance in Hell
4.2,A Chance in Hell
4.2,How to Stop a Man from Committing Suicide
4.2,Night Surf
4.2,Athlete
4.2,Born to Raise Hell
4.2,Donovan Slacks
4.2,Never Forget
4.2,Shut Up and Shoot!
4.2,Born to Raise Hell
4.2,Samurai Avenger: The Blind Wolf
4.2,Samurai Avenger: The Blind Wolf
4.2,Samurai Avenger: The Blind Wolf
4.2,Born to Raise Hell
4.2,John's Arm: Armageddon
4.2,Kalamity
4.2,Kalamity
4.2,Striking Range
4.2,Striking Range
4.2,The 8th Plague
4.2,Shadow: Dead Riot
4.2,Run! Bitch Run!
4.2,Code Name: The Cleaner
4.2,Direct Contact
4.2,Run! Bitch Run!
4.2,Vägen hem
4.2,The 8th Plague
4.2,Run! Bitch Run!
4.2,Breathing Room
4.2,Quite a Conundrum
4.2,Quite a Conundrum
4.2,Quite a Conundrum
4.2,Direct Contact
4.2,The Sublet
4.2,And Then Came Love
4.2,Direct Contact
4.2,Direct Contact
4.2,Lake Dead
4.2,Lake Dead
4.2,Red Ridge
4.2,Direct Contact
4.2,Direct Contact
4.2,Goliad Uprising
4.2,Lake Dead
4.2,The Cellar Door
4.2,Bad Kids Go to Hell
4.3,The Thompsons
4.3,Interplanetary
4.3,The Coffin
4.3,Superhero Movie
4.3,The Helpers
4.3,Wrong Turn 4: Bloody Beginnings
4.3,Wrong Turn 4: Bloody Beginnings
4.3,Open House
4.3,Snitch
4.3,Ultraviolet
4.3,Blood Cousins
4.3,Godspeed
4.3,Us Sinners
4.3,Ultraviolet
4.3,The Thompsons
4.3,Beyond the Trophy
4.3,Beyond the Trophy
4.3,Cabin Fever 2: Spring Fever
4.3,The Helpers
4.3,Cabin Fever 2: Spring Fever
4.3,One Night
4.3,Us Sinners
4.3,Beatdown
4.3,The Afflicted
4.3,One Night
4.3,One Night
4.3,Poetic
4.3,Steel Trap
4.3,Black Christmas
4.3,Postal
4.3,Fatwa
4.3,Postal
4.3,Psych:9
4.3,Sacrifice
4.3,Black Christmas
4.3,The Eleventh Hour
4.3,Distortion
4.3,Postal
4.3,Postal
4.3,Postal
4.3,Cornered!
4.3,Cornered!
4.3,The Murder Game
4.3,Kill 'em All
4.3,Postal
4.3,Demons Rising
4.3,Contractor's Routine
4.4,The Decoy
4.4,Swooped: Based on a Real Life Occurrence
4.4,The Moment After II: The Awakening
4.4,Primeval
4.4,The Moment After II: The Awakening
4.4,Contract Killers
4.4,Contract Killers
4.4,Primeval
4.4,Division Denim
4.4,Starship Troopers 3: Marauder
4.4,Starship Troopers 3: Marauder
4.4,In the Land of Blood and Honey
4.4,The Fifth Commandment
4.4,In the Land of Blood and Honey
4.4,Psalm 21
4.4,Freelancers
4.4,The Pick Up
4.4,Slaughter
4.4,Slaughter
4.4,Dragon Eyes
4.4,Ghost Rider: Spirit of Vengeance
4.4,Division Denim
4.4,The Pick Up
4.4,Drive Thru
4.4,Impulse
4.4,Ghost Rider: Spirit of Vengeance
4.4,Streetballers
4.4,Giallo
4.4,Giallo
4.4,Giallo
4.4,Knife Edge
4.4,Gingerdead Man 2: Passion of the Crust
4.4,Paranormal Activity 4
4.4,Monster from Bikini Beach
4.4,Red Sands
4.4,Socket
4.4,Red Sands
4.4,Socket
4.4,Motion Sickness
4.4,The Decoy
4.4,Dragon Eyes
4.4,LovecraCked! The Movie
4.4,The Rage
4.5,Grim Sweeper
4.5,Mad Cow
4.5,Honor
4.5,Honor
4.5,June 9
4.5,And Then YOU Die!
4.5,Blood Night
4.5,Blood Night
4.5,The Hiking Trip
4.5,Girls Against Boys
4.5,Death of a Ghost Hunter
4.5,Sella Turcica
4.5,The Spade County Massacre
4.5,Dead Run 2
4.5,Dead Run 2
4.5,Grim Sweeper
4.5,Porndogs: The Adventures of Sadie
4.5,The Grudge 3
4.5,Sella Turcica
4.5,The Uh-oh Show
4.5,Sella Turcica
4.5,Killer Movie
4.5,Killer Movie
4.5,The Victim
4.5,Exposed
4.5,Second Chance Season
4.5,Dust Up
4.5,Game of Death
4.5,Last Time Forever
4.5,Last Time Forever
4.5,Day of the Dead
4.5,Day of the Dead
4.5,The Garden
4.5,Game of Death
4.5,Catacombs
4.5,Game of Death
4.5,Let Me Die Quietly
4.5,Let Me Die Quietly
4.5,Video X: The Dwayne and Darla-Jean Story
4.5,Cover
4.5,Sick Girl
4.5,OJ Simpson: Monster or Myth?
4.5,Fertile Ground
4.5,Odjuret
4.5,Bitch Slap
4.5,Silver Case
4.5,Detached
4.5,Fertile Ground
4.5,Silver Case
4.5,Odjuret
4.5,Cover
4.5,Solomon Grundy
4.5,Over kanten
4.5,Fever Night aka Band of Satanic Outsiders
4.5,Bath Salt Zombies
4.5,Did You Hear About the Morgans?
4.5,Bath Salt Zombies
4.5,YellowBrickRoad
4.5,Wade in the Water
4.5,Roadside Massacre
4.6,Winter of Frozen Dreams
4.6,The Intruder
4.6,Bad Blood
4.6,Winter of Frozen Dreams
4.6,The Dahl Dynasty
4.6,Jonah Hex
4.6,Kollegiet
4.6,Weenie Roast Massacre
4.6,Rites of Spring
4.6,Watch Out
4.6,Fractured Minds
4.6,Watch Out
4.6,Fractured Minds
4.6,Fractured Minds
4.6,Watch Out
4.6,Cyrus
4.6,ATM
4.6,Captivity
4.6,Marianne
4.6,Maskerade
4.6,Skinwalkers
4.6,Skinwalkers
4.6,The Box
4.6,The Perfect Sleep
4.6,One Last Sunset
4.6,One Hour Fantasy Girl
4.6,The Devil's Dominoes
4.6,Maximum Conviction
4.6,Maximum Conviction
4.6,Actor Commits Suicide on Youtube
4.6,Brotherhood of Blood
4.6,Brotherhood of Blood
4.6,Descent
4.6,The Devil's Muse
4.6,The Devil's Muse
4.6,Tunnel Rats
4.6,Breaking Point
4.6,Brainjacked
4.6,Dark Ride
4.6,Dark Ride
4.6,Dark Ride
4.6,Tour de Force
4.6,Prowl
4.6,Dark Ride
4.6,Last Getaway
4.6,A Bothered Conscience
4.6,Jack Rio
4.6,The Wild Man of the Navidad
4.6,Ghost Image
4.6,Ghost Image
4.6,Ghost Image
4.6,The Unborn
4.6,The Marine
4.6,The Marine
4.6,The Marine
4.6,Last Getaway
4.6,Head Case
4.6,Head Case
4.6,Last Getaway
4.6,Night of the Demons
4.6,My Soul to Take
4.6,7eventy 5ive
4.6,Killjoy Goes to Hell
4.6,Jonah Hex
4.6,My Soul to Take
4.6,Dear God No!
4.6,Kommissarie Späck
4.6,Cthulhu
4.6,The Roommate
4.6,Rites of Spring
4.7,Chinaman's Chance: America's Other Slaves
4.7,The Descending
4.7,Stay Alive
4.7,Southwest
4.7,You're Next 3: Pajama Party Massacre
4.7,Sommerzeit
4.7,Stomp the Yard
4.7,Orgy of Blood
4.7,Mørke sjeler
4.7,Mørke sjeler
4.7,Special Dead
4.7,AVPR: Aliens vs Predator - Requiem
4.7,Suicide Notes
4.7,Dark House
4.7,Pig Hunt
4.7,Mørke sjeler
4.7,The Truth
4.7,Psycho Holocaust
4.7,2:13
4.7,Eyeborgs
4.7,Eyeborgs
4.7,Train
4.7,Chinaman's Chance: America's Other Slaves
4.7,Train
4.7,Liar's Pendulum
4.7,AVPR: Aliens vs Predator - Requiem
4.7,The Return
4.7,Visitas
4.7,House
4.7,A Proper Violence
4.7,Offspring
4.7,Vile
4.7,The Grudge 2
4.7,Vile
4.7,Hardwired
4.7,Livestock
4.7,From the Dark
4.7,Vile
4.7,Livestock
4.7,Huff
4.7,Livestock
4.7,Shrooms
4.7,Sal
4.7,Secret Lover
4.7,The Return
4.7,Deadwood Park
4.7,The Return
4.7,Blood for Irina
4.7,Making a Killing
4.7,DOA: Dead or Alive
4.7,The Sky Has Fallen
4.7,DOA: Dead or Alive
4.7,Making a Killing
4.7,Barrymore's Dream
4.7,Stay Alive
4.8,The Legend of Lucy Keyes
4.8,Tekken
4.8,Tekken
4.8,The Spirit
4.8,Killer Shorts 2
4.8,Make-Out with Violence
4.8,The Tea Man
4.8,Chaostage
4.8,Tekken
4.8,While She Was Out
4.8,Conjurer
4.8,The Cold Light of Day
4.8,The Cold Light of Day
4.8,The Theatre Bizarre
4.8,While She Was Out
4.8,While She Was Out
4.8,Vice
4.8,The Clique
4.8,Seventh Moon
4.8,While She Was Out
4.8,Angel of Death
4.8,Halloween II
4.8,The Girl from the Naked Eye
4.8,The Theatre Bizarre
4.8,Angel of Death
4.8,Halloween II
4.8,The Marsh
4.8,Expendable
4.8,The Girl from the Naked Eye
4.8,The Man with Apple-Shaped Boxing Gloves
4.8,Juan
4.8,Exsanguination
4.8,Exsanguination
4.8,Horch
4.8,Exsanguination
4.8,Exsanguination
4.8,Trapped Ashes
4.8,Trap
4.8,When a Stranger Calls
4.8,Walled In
4.8,SoulMate: True Evil Never Dies
4.8,The Hell Patrol
4.8,The Hell Patrol
4.8,Le concile de pierre
4.8,Punk Love
4.8,Le concile de pierre
4.8,Dangerous Passions
4.8,Yelling to the Sky
4.8,Dangerous Passions
4.8,The Twilight Saga: Eclipse
4.8,Suffering Man's Charity
4.8,Walled In
4.8,Holy Hell
4.8,Dangerous Passions
4.8,Abduction
4.8,Abduction
4.8,The Hunt
4.8,Yelling to the Sky
4.8,Stag Night
4.8,Stag Night
4.9,The Taint
4.9,Thursday
4.9,Stiletto
4.9,Abominable
4.9,Thr3e
4.9,Rogues Gallery
4.9,The Last Mango
4.9,Tooth and Nail
4.9,Tooth and Nail
4.9,City of Gold
4.9,One in the Chamber
4.9,In the Blood
4.9,Casket Climber Insect God
4.9,The Bleeding
4.9,The Thing in the Corner
4.9,The Thing in the Corner
4.9,The Bleeding
4.9,I.M. Caravaggio
4.9,I.M. Caravaggio
4.9,Vamps
4.9,November Son
4.9,I Love You Less
4.9,No Man's Land: The Rise of Reeker
4.9,No Man's Land: The Rise of Reeker
4.9,Seducing Spirits
4.9,See No Evil
4.9,See No Evil
4.9,The Taint
4.9,The Devil's Chair
4.9,The Devil's Chair
4.9,One in the Chamber
4.9,Rogues Gallery
4.9,Silent Night
4.9,Only Go There at Night
4.9,Only Go There at Night
4.9,Only Go There at Night
4.9,Midnight Movie
4.9,The Donner Party
4.9,The Shortcut
4.9,The Shortcut
4.9,Execution
4.9,Execution
4.9,The Donner Party
4.9,See No Evil
4.9,The Scenesters
4.9,The Scenesters
4.9,The Face at the Window
4.9,Blood on the Highway
4.9,Piyalir Password
4.9,Midnight Movie
4.9,Sensored
4.9,Miss March
4.9,Kill Zone
4.9,Kill Zone
4.9,Kill Zone
4.9,The Man Who Came Back
4.9,The Haunting in Connecticut 2: Ghosts of Georgia
4.9,The Haunting in Connecticut 2: Ghosts of Georgia
4.9,The Retelling
4.9,Fingerprints
4.9,The Haunting in Connecticut 2: Ghosts of Georgia
4.9,The Haunting in Connecticut 2: Ghosts of Georgia
4.9,The Last Mango
4.9,Fingerprints
4.9,Kill Zone
4.9,Missionary Man
4.9,Kill Zone
4.9,Kill Zone
4.9,Riss
4.9,Alex Cross
4.9,Alex Cross
4.9,Alex Cross
4.9,The Poker Club
4.9,The Poker Club
4.9,The Horror Vault
4.9,The Horror Vault
4.9,The Horror Vault
4.9,The Horror Vault
4.9,Aftershock
4.9,Gnome Man's Land
4.9,The Horror Vault
4.9,Dark Corners
4.9,Dark Corners
4.9,Dark Corners
4.9,The Horror Vault
4.9,Rise
4.9,ChromeSkull: Laid to Rest 2
4.9,Opstandelsen
4.9,Thursday
4.9,The Visitation
5.0,The Informers
5.0,The Informers
5.0,Penny Dreadful
5.0,Private Security Officer: Los Angeles
5.0,The Remake
5.0,The Remake
5.0,Fissure
5.0,Fissure
5.0,The ABCs of Death
5.0,ExTerminators
5.0,Fissure
5.0,The Solicitor
5.0,The Solicitor
5.0,The ABCs of Death
5.0,The Still Life
5.0,Abraham's Boys
5.0,Wicked Little Things
5.0,Wicked Little Things
5.0,The Infliction
5.0,Elektra: The Hand & the Devil
5.0,Elektra: The Hand & the Devil
5.0,El Gringo
5.0,El Gringo
5.0,Survival of the Dead
5.0,Abraham's Boys
5.0,Survival of the Dead
5.0,Death in Love
5.0,The Way
5.0,As Good as Dead
5.0,As Good as Dead
5.0,The Wizard of Gore
5.0,The Wizard of Gore
5.0,Sorority Row
5.0,Sorority Row
5.0,Cargo
5.0,Vlad & Antoinette
5.0,Sorority Row
5.0,Freedomland
5.0,Twixt
5.0,Autopsy
5.0,Autopsy
5.0,Twixt
5.0,Solstorm
5.0,Fritt vilt III
5.0,Undead or Alive: A Zombedy
5.0,Under New Management
5.0,Snarveien
5.0,A Horrible Way to Die
5.0,A Horrible Way to Die
5.0,Lonely Street
5.0,Die Legende von Derdriu und Noisi
5.0,Die Legende von Derdriu und Noisi
5.0,Screaming Blue Murder
5.0,Screaming Blue Murder
5.0,Slipstream
5.0,Slipstream
5.0,Slipstream
5.0,Mad Cowgirl
5.0,Mad Cowgirl
5.0,Sinners
5.0,Silent Hill: Revelation 3D
5.0,Shutter
5.0,The Final Destination
5.0,Husk
5.0,Chernobyl Diaries
5.0,Chernobyl Diaries
5.0,Husk
5.0,Shadow Witness
5.0,Hangman
5.0,Hell Ride
5.0,The Keeper
5.0,The Keeper
5.0,The Keeper
5.0,The Informers
5.0,The Infliction
5.0,The Infliction
5.0,Unrest
5.0,Unrest
5.0,Grave Encounters 2
5.0,Grave Encounters 2
5.0,The Still Life
5.0,The Life After
5.0,Rat Scratch Fever
5.1,Mord auf Rezept
5.1,Hunting Buddies
5.1,Filmmaker
5.1,Suspension
5.1,Subject 87
5.1,The Human Contract
5.1,Backstabber
5.1,Burning Palms
5.1,Universal Soldier: Day of Reckoning
5.1,Universal Soldier: Day of Reckoning
5.1,Swink
5.1,ZMD: Zombies of Mass Destruction
5.1,Universal Soldier: Day of Reckoning
5.1,Strange Wilderness
5.1,Fear Ever After
5.1,The Happening
5.1,The Hamiltons
5.1,The Hamiltons
5.1,Animal 2
5.1,Remarkable Power
5.1,Nosebleed
5.1,When a Man Falls in the Forest
5.1,When a Man Falls in the Forest
5.1,Toxic Lullaby
5.1,When a Man Falls in the Forest
5.1,Balls of Fury
5.1,When a Man Falls in the Forest
5.1,ChainSmoke
5.1,Dead Air
5.1,Dead Air
5.1,The Local
5.1,Avenge Every Second
5.1,Avenge Every Second
5.1,Exile
5.1,Deadly Impact
5.1,The Son of No One
5.1,The Son of No One
5.1,End Game
5.1,End Game
5.1,Perkins' 14
5.1,Legion
5.1,Legion
5.1,Legion
5.1,The Human Contract
5.1,On the Inside
5.1,Homecoming
5.1,Homecoming
5.1,Dogs Lie
5.1,Show de Bola
5.1,La terza madre
5.1,American Lawless
5.1,La terza madre
5.1,Jennifer's Body
5.1,A Nightmare in Las Cruces
5.1,La terza madre
5.1,Show de Bola
5.1,A Nightmare in Las Cruces
5.1,Across Dot Ave.
5.1,A Nightmare on Elm Street
5.1,A Nightmare on Elm Street
5.1,The Ten
5.1,The Ten
5.1,The Ten
5.1,Amusement
5.1,Temple of the Sun
5.1,Amusement
5.2,Meeting Evil
5.2,Trailer Park of Terror
5.2,Resident Evil: Retribution
5.2,cathARTic
5.2,My Mom's New Boyfriend
5.2,The Thaw
5.2,Nero Bloom: Private Eye
5.2,Land of the Lost
5.2,Laid to Rest
5.2,Timber Falls
5.2,The Brides of Sodom
5.2,Dark Country
5.2,Rip Cage
5.2,Rip Cage
5.2,Laid to Rest
5.2,The Alphabet Killer
5.2,Funny Money
5.2,Funny Money
5.2,Dark Country
5.2,Dark Country
5.2,Conan the Barbarian
5.2,Mad World
5.2,Conan the Barbarian
5.2,Conan the Barbarian
5.2,Resident Evil: Retribution
5.2,The Mummy: Tomb of the Dragon Emperor
5.2,The Mummy: Tomb of the Dragon Emperor
5.2,Apollo 18
5.2,L'inchiesta
5.2,Grace
5.2,Cost of a Soul
5.2,The Hit List
5.2,My Mom's New Boyfriend
5.2,The Hit List
5.2,Grace
5.2,The Spy Next Door
5.2,Blood and Chocolate
5.2,Illegal Tender
5.2,Resident Evil: Retribution
5.2,Universal Soldier: Regeneration
5.2,Illegal Tender
5.2,Twilight
5.2,Universal Soldier: Regeneration
5.2,Universal Soldier: Regeneration
5.2,Bitter Feast
5.2,Resident Evil: Retribution
5.2,Twilight
5.2,Luna's Goodbye
5.2,Resident Evil: Retribution
5.2,Resident Evil: Retribution
5.2,Resident Evil: Red Falls
5.2,Luna's Goodbye
5.2,Bikini Monsters
5.2,Blood and Chocolate
5.2,Blood and Chocolate
5.2,1000 Year Sleep
5.2,Blood and Chocolate
5.2,Bad People
5.2,Flight of the Living Dead: Outbreak on a Plane
5.2,Flight of the Living Dead: Outbreak on a Plane
5.2,Quarantine 2: Terminal
5.2,Paul Blart: Mall Cop
5.2,Hurt
5.2,My Super Ex-Girlfriend
5.2,Bad People
5.2,The Locals
5.2,The Locals
5.2,Parasomnia
5.2,Steele Vengeance
5.2,Beneath
5.2,Turistas
5.2,Exit Speed
5.2,Trespass
5.2,Inbred
5.2,Pretty Bird
5.2,Trailer Park of Terror
5.2,Cost of a Soul
5.3,Pathfinder
5.3,Pathfinder
5.3,Tell-Tale
5.3,Cereal Killers
5.3,Hatchet II
5.3,Hatchet II
5.3,Tell-Tale
5.3,Season of the Witch
5.3,Hassel - Privatspanarna
5.3,Red Dawn
5.3,Ninja
5.3,Ninja
5.3,Hick
5.3,Ninja
5.3,Nine Dead
5.3,Bangkok Dangerous
5.3,Bangkok Dangerous
5.3,Nine Dead
5.3,The Messengers
5.3,Yesterday's Tomorrow
5.3,Cat Run
5.3,Siedepunkt
5.3,Charlie Valentine
5.3,Charlie Valentine
5.3,MacGruber
5.3,MacGruber
5.3,Kældermenneske
5.3,Kældermenneske
5.3,Rückenwind
5.3,Miss Nobody
5.3,House at the End of the Street
5.3,Rivers Wash Over Me
5.3,How to Be a Serial Killer
5.3,Bad Ass
5.3,Maniac Cop
5.3,Maniac Cop
5.3,The Bounty Hunter
5.3,How to Be a Serial Killer
5.3,The Butcher
5.3,The Butcher
5.3,The Pink Panther 2
5.3,The Butcher
5.3,Max Payne
5.3,Max Payne
5.3,The Pink Panther
5.3,MacGruber
5.3,Bangkok Dangerous
5.4,Babylon A.D.
5.4,Elsewhere
5.4,Megan Is Missing
5.4,Megan Is Missing
5.4,My Bloody Valentine
5.4,My Bloody Valentine
5.4,Irene Huss - Tatuerad torso
5.4,Fighting
5.4,Fighting
5.4,Irene Huss - Tatuerad torso
5.4,The Insatiable
5.4,Studio
5.4,8 Murders a Day
5.4,Eddie: The Sleepwalking Cannibal
5.4,The Picture of Dorian Gray
5.4,Ed Gein: The Musical
5.4,Irene Huss - Tatuerad torso
5.4,Babylon A.D.
5.4,Irene Huss - Tatuerad torso
5.4,Irene Huss - Tatuerad torso
5.4,Irene Huss - Tatuerad torso
5.4,My Bloody Valentine
5.4,Kill Theory
5.4,Love Ranch
5.4,Kill Theory
5.4,Love Ranch
5.4,Hallows Point
5.4,Whiteout
5.4,Whiteout
5.4,The Final
5.4,Kill Buljo: The Movie
5.4,Town Creek
5.4,The Final
5.4,Town Creek
5.4,Town Creek
5.4,Kill Buljo: The Movie
5.4,Kill Buljo: The Movie
5.4,The Final
5.4,Love Ranch
5.4,Love Ranch
5.4,The Legend of Action Man
5.4,Going Bananas: A Twisted Love Story
5.4,Going Bananas: A Twisted Love Story
5.4,Columbus Day
5.4,Columbus Day
5.4,Episode 5: Schizoid
5.4,VIViD
5.4,Loren Cass
5.4,American Son
5.4,Salvage
5.4,Salvage
5.4,The Parasomniac
5.4,Cross Bearer
5.4,The Parasomniac
5.4,Wages of Sin
5.4,Hell Is Full
5.4,American Son
5.4,Linewatch
5.4,Linewatch
5.4,All God's Creatures
5.4,Wages of Sin
5.4,The Day the Earth Stood Still
5.4,Blood Car
5.4,Karla
5.4,Wages of Sin
5.4,Blood Car
5.4,The Orange Thief
5.4,The Omen
5.4,The Omen
5.4,Resilience
5.4,The Memory Thief
5.4,Hostel: Part II
5.4,Hostel: Part II
5.4,The Stepfather
5.4,Megan Is Missing
5.4,Hostel: Part II
5.4,The Stepfather
5.5,Saw 3D
5.5,Frostbiten
5.5,Southland Tales
5.5,Southland Tales
5.5,Horsemen
5.5,Horsemen
5.5,Saw 3D
5.5,Waldo the Dog
5.5,Tenderness
5.5,Chemical 12-D
5.5,The Man with the Iron Fists
5.5,Never Back Down 2: The Beatdown
5.5,Southland Tales
5.5,Alien Autopsy
5.5,Southland Tales
5.5,Waldo the Dog
5.5,The Man with the Iron Fists
5.5,Friday the 13th
5.5,Southland Tales
5.5,Southland Tales
5.5,The Skinny
5.5,Cherry Crush
5.5,Friday the 13th
5.5,The Man with the Iron Fists
5.5,100 Feet
5.5,100 Feet
5.5,Perfect Stranger
5.5,Perfect Stranger
5.5,Anamorph
5.5,The Lost & Found Family
5.5,Anamorph
5.5,12 Rounds
5.5,12 Rounds
5.5,L'homme à l'envers
5.5,Babysitter Wanted
5.5,Road to Nowhere
5.5,Babysitter Wanted
5.5,The End of Light
5.5,Drive Angry
5.5,Kronjuvelerna
5.5,Episode 6: Checkmate
5.5,The Bay
5.5,Drive Angry
5.5,Drive Angry
5.5,Twelve
5.5,Drive Angry
5.5,Fool's Gold
5.5,American Dreamz
5.5,Possession
5.5,12 Rounds
5.5,Blood Rogues
5.5,Blood Rogues
5.5,Faces in the Crowd
5.5,Acts of Violence
5.5,Anamorph
5.5,White Lines and the Fever: The Death of DJ Junebug
5.5,Acts of Violence
5.5,Acts of Violence
5.5,The Gravedancers
5.5,The Killing Floor
5.5,Only the Brave
5.5,The Killing Floor
5.5,You Don't Mess with the Zohan
5.5,Zombie Farm
5.5,The Hitcher
5.5,The Innkeepers
5.5,Subject Two
5.5,Insidious
5.5,Insidious
5.5,Subject Two
5.5,Masks
5.6,Roman
5.6,Divine Unrest
5.6,Divine Unrest
5.6,5 Days of War
5.6,Borderland
5.6,5 Days of War
5.6,Feast
5.6,Midnight Son
5.6,Teeth
5.6,Undocumented
5.6,Midnight Son
5.6,The Young and Evil
5.6,Teeth
5.6,Teeth
5.6,Gone Dark
5.6,Feast
5.6,Feast
5.6,The Reaping
5.6,Tomme tønner
5.6,Tomme tønner
5.6,The Reaping
5.6,Memory Lane
5.6,Darfur
5.6,Borderland
5.6,September Dawn
5.6,Badland
5.6,Badland
5.6,Babycall
5.6,Mulberry Street
5.6,Danika
5.6,Babycall
5.6,The Room
5.6,Danika
5.6,Danika
5.6,Blutschrift
5.6,September Dawn
5.6,Bandidas
5.6,Babycall
5.6,Man About Town
5.6,Anyone There?
5.6,Ten 'til Noon
5.6,Damage
5.6,Anyone There?
5.6,Chapter 27
5.6,Ten 'til Noon
5.6,The Deaths of Ian Stone
5.6,Episode 3: Anvil
5.6,Episode 3: Anvil
5.6,A Sweet and Vicious Beauty
5.6,Shuttle
5.6,Hero Wanted
5.6,Command Performance
5.6,Command Performance
5.6,Command Performance
5.6,Shuttle
5.6,Hero Wanted
5.6,The Deaths of Ian Stone
5.6,Damage
5.6,Dread
5.6,Detention
5.6,Detour
5.6,Robert Blecker Wants Me Dead
5.6,Dread
5.6,Voigtkampff
5.6,Curse of the Pink Panties
5.6,Armored
5.6,Armored
5.6,Voigtkampff
5.6,Home of the Brave
5.6,The Take
5.6,The Take
5.6,Seconds Apart
5.6,Seconds Apart
5.6,Cop Out
5.6,The Black Dahlia
5.6,Don't Be Afraid of the Dark
5.6,Star Wars: The Clone Wars
5.6,New Year's Day
5.6,Frayed
5.6,Frayed
5.6,The Black Dahlia
5.6,The Black Dahlia
5.6,The Black Dahlia
5.6,The Black Dahlia
5.6,Frayed
5.6,A Good Day to Die Hard
5.6,The Black Dahlia
5.6,Saw V
5.6,Don't Be Afraid of the Dark
5.6,Cop Out
5.6,New Year's Day
5.6,Cop Out
5.6,The Box
5.6,The Box
5.6,Saw V
5.6,Jimmy and Judy
5.6,Jimmy and Judy
5.6,Jimmy and Judy
5.6,The Butterfly Effect 3: Revelations
5.6,Phantasie
5.6,Alien Raiders
5.6,Alien Raiders
5.6,4: Rise of the Silver Surfer
5.6,4: Rise of the Silver Surfer
5.6,From Within
5.7,G.I. Joe: The Rise of Cobra
5.7,Savage Grace
5.7,Savage Grace
5.7,Waist Deep
5.7,Waist Deep
5.7,G.I. Joe: The Rise of Cobra
5.7,The Paperboy
5.7,Chicago Overcoat
5.7,The Watch
5.7,Moral Kombat
5.7,The Paperboy
5.7,The Caller
5.7,Spirit Stalkers
5.7,The Paperboy
5.7,The Paperboy
5.7,Chicago Overcoat
5.7,Distortion
5.7,A Crime
5.7,Chicago Overcoat
5.7,Boxhead
5.7,The Paperboy
5.7,Way Down Low
5.7,Way Down Low
5.7,Jag köpte en regnskog
5.7,The Contract
5.7,Jag köpte en regnskog
5.7,The Lodger
5.7,The Lodger
5.7,Crazy Love
5.7,Botched
5.7,The Contract
5.7,Waist Deep
5.7,Paranormal Activity 2
5.7,Next Day Air
5.7,Gamer
5.7,The Paperboy
5.7,Gamer
5.7,The Three Musketeers
5.7,Crazy Love
5.7,Next Day Air
5.7,Crazy Love
5.7,The Three Musketeers
5.7,The Three Musketeers
5.7,The Last Exorcism
5.7,Hollow Porcelain Fish Chamber
5.7,Chicago Overcoat
5.7,The Last Exorcism
5.7,The Killing Room
5.7,The Three Musketeers
5.7,The Killing Room
5.7,The Killing Jar
5.7,The Killing Jar
5.7,Straw Dogs
5.7,The Darkroom
5.7,Zweiohrküken
5.7,Zweiohrküken
5.7,Straw Dogs
5.7,Straw Dogs
5.7,V/H/S
5.7,The Death and Life of Bobby Z
5.7,The Death and Life of Bobby Z
5.7,Botched
5.7,V/H/S
5.7,Chicago Overcoat
5.7,Episode 4: Darling
5.7,Skjult
5.7,Burning Bright
5.7,V/H/S
5.7,Piranha
5.7,Piranha
5.7,Priest
5.7,At Any Price
5.7,Transit
5.7,Semi-Pro
5.7,Transit
5.7,Altered
5.7,Firewall
5.7,Priest
5.7,Heavy Mental: A Rock-n-Roll Blood Bath
5.7,Heavy Mental: A Rock-n-Roll Blood Bath
5.7,Firewall
5.7,Firewall
5.7,Priest
5.7,Incest Death Squad
5.7,Incest Death Squad
5.7,Premonition
5.7,Gone
5.7,All the Boys Love Mandy Lane
5.7,Final Destination 3
5.7,Hatchet
5.7,Hatchet
5.7,Hatchet
5.7,Final Destination 3
5.7,Cecilie
5.7,The Fast and the Furious: Tokyo Drift
5.7,The Fast and the Furious: Tokyo Drift
5.7,The Fast and the Furious: Tokyo Drift
5.7,The Fast and the Furious: Tokyo Drift
5.7,Unter Kontrolle
5.7,All the Boys Love Mandy Lane
5.7,The Victorville Massacre
5.7,Final Destination 3
5.7,Snakes on a Plane
5.7,Final Destination 3
5.7,Echelon Conspiracy
5.7,The Victorville Massacre
5.7,Chubby Killer
5.7,Snakes on a Plane
5.7,Snakes on a Plane
5.7,Snakes on a Plane
5.7,The Woods
5.7,The Woods
5.7,40 Years of Silence: An Indonesian Tragedy
5.7,Tannöd
5.7,The Woods
5.7,Leo
5.7,Chicago Overcoat
5.7,The Woods
5.8,Take
5.8,Brutal Massacre: A Comedy
5.8,Half Light
5.8,Half Light
5.8,Half Light
5.8,Resident Evil: Afterlife
5.8,The X Files: I Want to Believe
5.8,The X Files: I Want to Believe
5.8,Guignol
5.8,Until Death
5.8,The Haunted World of El Superbeasto
5.8,Mini's First Time
5.8,The Haunted World of El Superbeasto
5.8,The Haunting in Connecticut
5.8,Through the Valley
5.8,Until Death
5.8,Until Death
5.8,Reno 911!: Miami
5.8,Sheep Impact
5.8,Clash of the Titans
5.8,The Fourth Kind
5.8,Until Death
5.8,The Fourth Kind
5.8,The Wolfman
5.8,The Wolfman
5.8,The Possession
5.8,Observe and Report
5.8,Clash of the Titans
5.8,Murder Party
5.8,Until Death
5.8,Murder Party
5.8,Until Death
5.8,Altered States of Plaine
5.8,Resident Evil: Afterlife
5.8,The Possession
5.8,Observe and Report
5.8,Resident Evil: Afterlife
5.8,Altered States of Plaine
5.8,Moreno & tystnaden
5.8,La Femme Vampir
5.8,Face Eater
5.8,The Three Trials
5.8,Face Eater
5.8,Face Eater
5.8,Final Destination 5
5.8,Two Hundred Thousand Dirty
5.8,Across the Hall
5.8,Diary of the Dead
5.8,Diary of the Dead
5.8,The Babysitters
5.8,The Black Dahlia Haunting
5.8,Battle Los Angeles
5.8,The Ruins
5.8,Nancy Drew
5.8,Death of a Nation
5.8,Day Zero
5.8,Dance of the Dead
5.8,Dance of the Dead
5.8,Death of a Nation
5.8,The Ruins
5.8,The Ruins
5.8,The Ruins
5.8,Death of a Nation
5.8,Retaliation
5.8,The Texas Chainsaw Massacre: The Beginning
5.8,The Texas Chainsaw Massacre: The Beginning
5.8,Saw IV
5.8,The Texas Chainsaw Massacre: The Beginning
5.8,Den svaga punkten
5.8,Fotografen
5.8,The Divide
5.8,The Divide
5.8,Strings
5.8,Everything in Its Place
5.8,Saw IV
5.8,Let's Go to Prison
5.8,A Conversation with Mr. D
5.8,The Darwin Awards
5.8,88 Minutes
5.8,Freaky Deaky
5.8,Highway to Santa Fe
5.8,Resident Evil: Afterlife
5.8,Broken
5.8,Broken
5.8,Resident Evil: Afterlife
5.8,Would You Rather
5.8,Resident Evil: Afterlife
5.8,88 Minutes
5.8,Pathology
5.8,Resident Evil: Afterlife
5.8,Starship Troopers: Invasion
5.8,The 9th Circle
5.8,The Kiss
5.8,The Kiss
5.8,Night Train
5.8,Night Train
5.8,Staten Island
5.8,Staten Island
5.8,Staten Island
5.8,Home Movie
5.8,Resident Evil: Afterlife
5.8,Home Movie
5.8,Who Killed Chea Vichea?
5.8,Whisper
5.8,88 Minutes
5.8,P2
5.8,88 Minutes
5.8,Night Train
5.8,Night Train
5.8,Our Side of Heaven
5.8,The 9th Circle
5.8,88 Minutes
5.8,88 Minutes
5.8,P2
5.9,The Lost
5.9,Spooked
5.9,Deception
5.9,Wild Tigers I Have Known
5.9,The Walker
5.9,The Green Hornet
5.9,The Green Hornet
5.9,The Walker
5.9,3 Minutes
5.9,The Walker
5.9,The Gray Man
5.9,Tom Sawyer
5.9,Small Apartments
5.9,Advokaten
5.9,Miami Vice
5.9,Miami Vice
5.9,Bordertown
5.9,Bordertown
5.9,Miami Vice
5.9,Miami Vice
5.9,Miami Vice
5.9,The Green Hornet
5.9,The Lost
5.9,The Lost
5.9,Miami Vice
5.9,Transporter 3
5.9,Abraham Lincoln: Vampire Hunter
5.9,Youngstown: Still Standing
5.9,Transporter 3
5.9,Transporter 3
5.9,Jack + Jill
5.9,Give 'em Hell Malone
5.9,Give 'em Hell Malone
5.9,Give 'em Hell Malone
5.9,Give 'em Hell Malone
5.9,Life Is Hot in Cracktown
5.9,Life Is Hot in Cracktown
5.9,Descansos
5.9,Splice
5.9,1 in 3
5.9,Descansos
5.9,The Ideal
5.9,Saw VI
5.9,Saw VI
5.9,Kataude mashin gâru
5.9,Splice
5.9,Even Money
5.9,The Tourist
5.9,Splice
5.9,Even Money
5.9,Jumper
5.9,Albert Fish: In Sin He Found Salvation
5.9,Valerie & Sid
5.9,Beautiful Ohio
5.9,Valhalla Rising
5.9,Excision
5.9,Villanelle
5.9,Saving Shiloh
5.9,Tôkyô zankoku keisatsu
5.9,Idlewild
5.9,Idlewild
5.9,Righteous Kill
5.9,Tôkyô zankoku keisatsu
5.9,Forgiving the Franklins
5.9,The Green Hornet
5.9,Abraham Lincoln: Vampire Hunter
5.9,Haywire
5.9,Righteous Kill
5.9,Battleship
5.9,Deception
5.9,Schwarzes Herz
5.9,The Rite
6.0,Margot at the Wedding
6.0,The Collection
6.0,The Sentinel
6.0,Rhino
6.0,Dead Silence
6.0,The Collection
6.0,The Collection
6.0,Assassination Games
6.0,Sucker Punch
6.0,Assassination Games
6.0,6 Bullets
6.0,Dead Silence
6.0,How to Rob a Bank
6.0,Sucker Punch
6.0,Immortals
6.0,One Night with the King
6.0,Sucker Punch
6.0,The Sentinel
6.0,Jokern
6.0,Shoot on Sight
6.0,The Feast of Stephen
6.0,Punisher: War Zone
6.0,Punisher: War Zone
6.0,Turn the River
6.0,Assassination Games
6.0,La chispa de la vida
6.0,The Condemned
6.0,Shrek the Third
6.0,The Condemned
6.0,Quarantine
6.0,Turn the River
6.0,Catwoman: The Diamond Exchange
6.0,The Baytown Outlaws
6.0,Miracle at St. Anna
6.0,Miracle at St. Anna
6.0,The Condemned
6.0,Punisher: War Zone
6.0,Mördaren ljuger inte ensam
6.0,Punisher: War Zone
6.0,Sinners and Saints
6.0,Sinners and Saints
6.0,Punisher: War Zone
6.0,Punisher: War Zone
6.0,The Baytown Outlaws
6.0,Uskyld
6.0,Wrong Turn at Tahoe
6.0,Push
6.0,Rush Hour 3
6.0,God Thinks You're a Loser
6.0,Keillers park
6.0,Shelter
6.0,Paula Peril: The Invisible Evil
6.0,All the French Are Whores
6.0,Rush Hour 3
6.0,Wrong Turn at Tahoe
6.0,World Trade Center
6.0,Mirrors
6.0,Mirrors
6.0,Doomsday
6.0,Rush Hour 3
6.0,Rush Hour 3
6.0,Doomsday
6.0,Infestation
6.0,Doomsday
6.0,Feast of the Assumption: The Otero Family Murders
6.0,Doomsday
6.0,Duplicitous Behavior
6.0,Takers
6.0,An American Affair
6.0,Halloween
6.0,Takers
6.0,Halloween
6.0,Quarantine
6.0,Push
6.0,1:03AM
6.0,Bunraku
6.0,Bullet of Life
6.0,Rush Hour 3
6.0,Bug
6.0,Rush Hour 3
6.0,Running with Scissors
6.0,I Sell the Dead
6.0,Bug
6.0,I Sell the Dead
6.1,Lakeview Terrace
6.1,Der schwedische Freund
6.1,Body/Antibody
6.1,Body/Antibody
6.1,Guilt & Sentence
6.1,Untraceable
6.1,Next
6.1,The Countess
6.1,Untraceable
6.1,Killshot
6.1,Untraceable
6.1,Nightbeats
6.1,The Countess
6.1,Dream Boy
6.1,Dream Boy
6.1,Amigo
6.1,The Details
6.1,I Am Number Four
6.1,Die zwei Leben des Daniel Shore
6.1,Sleepwalking
6.1,Sleepwalking
6.1,In the Electric Mist
6.1,Alone with Her
6.1,Poultrygeist: Night of the Chicken Dead
6.1,Poultrygeist: Night of the Chicken Dead
6.1,The Woman
6.1,The Woman
6.1,Für den unbekannten Hund
6.1,Saw III
6.1,Saw III
6.1,Blitz
6.1,Fritt vilt II
6.1,Fritt vilt II
6.1,Blitz
6.1,Deforce
6.1,Chacun sa nuit
6.1,Murder by Proxy: How America Went Postal
6.1,Ironclad
6.1,The Golden Compass
6.1,Ironclad
6.1,Fritt vilt II
6.1,War
6.1,The Good German
6.1,The Good German
6.1,Ironclad
6.1,Ironclad
6.1,The Tournament
6.1,Cowboys & Aliens
6.1,Birds of America
6.1,Splinter
6.1,Cowboys & Aliens
6.1,Lions for Lambs
6.1,War
6.1,The Tournament
6.1,The Tournament
6.1,Lions for Lambs
6.1,The Tournament
6.1,Broken City
6.1,Mother's Red Dress
6.1,Mother's Red Dress
6.1,Peacock
6.1,Peacock
6.1,Mother's Day
6.1,Cowboys & Aliens
6.1,Metropia
6.1,Metropia
6.1,West 32nd
6.1,Seeking Justice
6.1,Mother's Day
6.1,Parker
6.1,Parker
6.1,The Strangers
6.1,The Strangers
6.1,Dark Matter
6.1,The Poughkeepsie Tapes
6.1,Dark Matter
6.1,Shanghai Blue
6.1,Case 39
6.1,Redacted
6.1,On the Ice
6.1,Metropia
6.1,The Purge
6.1,Shirley Adams
6.1,30 Minutes or Less
6.1,Stephanie Daley
6.1,Stephanie Daley
6.1,Pac-Man: The Movie
6.1,Pac-Man: The Movie
6.1,30 Minutes or Less
6.1,The Limits of Control
6.1,Red Lights
6.1,The Strangers
6.1,The Sorcerer's Apprentice
6.1,Adam Resurrected
6.1,Stephen King's The Boogeyman
6.1,Adam Resurrected
6.1,Afterschool
6.1,Afterschool
6.1,13
6.1,The Countess
6.1,The Countess
6.1,The Countess
6.1,13
6.1,Extracted
6.1,Bureaucracy
6.1,The Sorcerer's Apprentice
6.1,Carriers
6.1,Carriers
6.1,Captive
6.1,The Signal
6.1,Roughrider
6.1,Kunstfehler
6.1,Beerfest
6.1,Essential Killing
6.1,The Invisible
6.1,The Invisible
6.1,The Signal
6.1,The Countess
6.2,The Joker Returns
6.2,The Karate Kid
6.2,Eduart
6.2,The Killer Inside Me
6.2,The Killer Inside Me
6.2,The Killer Inside Me
6.2,The Killer Inside Me
6.2,Los bastardos
6.2,Los bastardos
6.2,Surrogates
6.2,Red State
6.2,Red White & Blue
6.2,Brotherhood
6.2,Surrogates
6.2,London Boulevard
6.2,London Boulevard
6.2,Joy Division
6.2,The Thing
6.2,The Thing
6.2,Jack Goes Boating
6.2,Wir sind die Nacht
6.2,Crank: High Voltage
6.2,Crank: High Voltage
6.2,Resident Evil: Extinction
6.2,Scream 4
6.2,Scream 4
6.2,Resident Evil: Extinction
6.2,Resident Evil: Extinction
6.2,Resident Evil: Extinction
6.2,The Midnight Meat Train
6.2,The Midnight Meat Train
6.2,The Midnight Meat Train
6.2,Art School Confidential
6.2,The Midnight Meat Train
6.2,The Number 23
6.2,Black Russian
6.2,Duplicity
6.2,The Number 23
6.2,The Number 23
6.2,Duplicity
6.2,Hansel & Gretel: Witch Hunters
6.2,Hansel & Gretel: Witch Hunters
6.2,The Uninvited
6.2,The Uninvited
6.2,Chuzhaya
6.2,Law of the Jungle
6.2,The Number 23
6.2,The Eagle
6.2,The Eagle
6.2,G.I. Joe: Retaliation
6.2,G.I. Joe: Retaliation
6.2,Chill
6.2,G.I. Joe: Retaliation
6.2,Vegas
6.2,La fille coupée en deux
6.2,Vegas
6.2,Uncle Bob
6.2,I Spit on Your Grave
6.2,I Spit on Your Grave
6.2,I Spit on Your Grave
6.2,Varg Veum - Bitre blomster
6.2,Varg Veum - Bitre blomster
6.2,The Killer Inside Me
6.2,The Killer Inside Me
6.2,Knowing
6.2,Blood Done Sign My Name
6.2,Varg Veum - Bitre blomster
6.2,Vacancy
6.2,Hitman
6.2,Hitman
6.2,The City
6.2,Amor
6.2,Hitman
6.2,Vacancy
6.2,Rogue
6.2,Night of the Punks
6.2,Night of the Punks
6.2,Snow White and the Huntsman
6.2,Snow White and the Huntsman
6.2,Bullet to the Head
6.2,Love in the Time of Cholera
6.2,Bellflower
6.3,The Boondock Saints II: All Saints Day
6.3,Reflections
6.3,Dr. Alemán
6.3,The Boondock Saints II: All Saints Day
6.3,Rose
6.3,Underworld: Awakening
6.3,Underworld: Awakening
6.3,The Collector
6.3,Underworld: Awakening
6.3,Killing Them Softly
6.3,The Collector
6.3,The Collector
6.3,The Collector
6.3,Knife Point
6.3,An Unexplained Murder
6.3,Knight and Day
6.3,Knight and Day
6.3,The Chronicles of Narnia: The Voyage of the Dawn Treader
6.3,Ninja Assassin
6.3,Ninja Assassin
6.3,Knight and Day
6.3,Ninja Assassin
6.3,Ninja Assassin
6.3,Ninja Assassin
6.3,Ninja Assassin
6.3,Ninja Assassin
6.3,Ninja Assassin
6.3,Devil
6.3,Devil
6.3,Turbo
6.3,Trust Me
6.3,Vanvittig forelsket
6.3,Ninja Assassin
6.3,The Bet
6.3,Den siste revejakta
6.3,Den siste revejakta
6.3,Den siste revejakta
6.3,Transformers: Dark of the Moon
6.3,Transformers: Dark of the Moon
6.3,Transformers: Dark of the Moon
6.3,Trained in the Ways of Men
6.3,Ninja Assassin
6.3,Indiana Jones and the Kingdom of the Crystal Skull
6.3,Touched by Angels
6.3,Total Recall
6.3,Blood Tea and Red String
6.3,Sleuth
6.3,All Good Things
6.3,Total Recall
6.3,Kategorie C
6.3,Hell and Back Again
6.3,Tile M for Murder
6.3,Hell and Back Again
6.3,My Little Boy
6.3,Gamer
6.3,The Dust Settles
6.3,The Experiment
6.3,Fucking Different Tel Aviv
6.3,Spider-Man 3
6.3,No One Lives
6.3,The Experiment
6.3,The Experiment
6.3,Fritt vilt
6.3,Nobel Son
6.3,Nobel Son
6.3,Fritt vilt
6.3,Fritt vilt
6.3,Spider-Man 3
6.3,A Family Underground
6.3,The Man Who Collected Food
6.3,10th & Wolf
6.3,The House of Suh
6.3,All Good Things
6.3,TMNT
6.3,Brooklyn Rules
6.3,10th & Wolf
6.3,Skarpt läge
6.3,Skarpt läge
6.3,Surveillance
6.3,All Good Things
6.3,Beowulf
6.3,Surveillance
6.3,Surveillance
6.3,Surveillance
6.3,Beowulf
6.3,Arn: Riket vid vägens slut
6.3,Arn: Riket vid vägens slut
6.3,I Guds namn
6.3,Welcome to Dreadville II: Are You Rei?
6.3,Welcome to Dreadville II: Are You Rei?
6.3,Welcome to Dreadville II: Are You Rei?
6.3,Welcome to Dreadville II: Are You Rei?
6.3,The Losers
6.3,Flypaper
6.3,Flypaper
6.3,Surveillance
6.3,Surveillance
6.3,The Losers
6.3,10th & Wolf
6.3,Cars 2
6.3,Mirageman
6.3,Married Life
6.3,Maniac
6.3,Five Fingers
6.3,Behind the Mask
6.3,Rampage
6.3,Rampage
6.3,First Snow
6.3,First Snow
6.3,First Snow
6.3,The Revenant
6.3,First Snow
6.3,The Revenant
6.3,Dark Shadows
6.3,The Life Before Her Eyes
6.3,Look
6.3,Repo! The Genetic Opera
6.3,Repo! The Genetic Opera
6.3,The Raven
6.3,Dr. Alemán
6.3,Repo! The Genetic Opera
6.3,Arn: Riket vid vägens slut
6.3,Repo Men
6.3,Repo Men
6.3,Repo Men
6.3,Reflections
6.3,Fast Food Nation
6.3,Reflections
6.3,Arn: Riket vid vägens slut
6.4,Faster
6.4,Act of Valor
6.4,Act of Valor
6.4,Faster
6.4,Faster
6.4,Act of Valor
6.4,Lonely Hearts
6.4,Paranormal Activity
6.4,Faubourg 36
6.4,Faubourg 36
6.4,Lonely Hearts
6.4,Lonely Hearts
6.4,Fay Grim
6.4,Fay Grim
6.4,The Da Vinci Code
6.4,Lonely Hearts
6.4,Lonely Hearts
6.4,Paranormal Activity
6.4,Lonely Hearts
6.4,Pilot
6.4,Dante's Inferno
6.4,Oswald's Ghost
6.4,Stop-Loss
6.4,Senki
6.4,Stop-Loss
6.4,Stop-Loss
6.4,Land of the Blind
6.4,Stille Tage
6.4,Meat
6.4,The Taking of Pelham 1 2 3
6.4,The Taking of Pelham 1 2 3
6.4,The Taking of Pelham 1 2 3
6.4,El día de los muertos
6.4,Death Race
6.4,Death Race
6.4,Moment of Truth
6.4,Death Race
6.4,Death Race
6.4,Death Race
6.4,Waterfront Nightmare
6.4,Death Race
6.4,Of Dolls and Murder
6.4,Screaming in High Heels: The Rise & Fall of the Scream Queen Era
6.4,Screaming in High Heels: The Rise & Fall of the Scream Queen Era
6.4,The House of the Devil
6.4,Close-Up
6.4,Close-Up
6.4,The House of the Devil
6.4,The Hills Have Eyes
6.4,Spring Breakers
6.4,Spring Breakers
6.4,Spring Breakers
6.4,The Hills Have Eyes
6.4,Black Death
6.4,Fright Night
6.4,Notorious
6.4,Fright Night
6.4,Notorious
6.4,The Hills Have Eyes
6.4,Død snø
6.4,Predators
6.4,The Waiter
6.4,Jägarna 2
6.4,Jägarna 2
6.4,Las malas intenciones
6.4,Boxhagener Platz
6.4,From Paris with Love
6.4,From Paris with Love
6.4,From Paris with Love
6.4,Cornered
6.4,The Waiter
6.4,Funny Games U.S.
6.4,Funny Games U.S.
6.4,Funny Games U.S.
6.4,Act of Valor
6.4,Act of Valor
6.4,Funny Games U.S.
6.4,Funny Games U.S.
6.4,Funny Games U.S.
6.4,Land of the Blind
6.4,Land of the Blind
6.4,La princesse de Montpensier
6.4,La princesse de Montpensier
6.4,Predators
6.4,Predators
6.4,Sleepless Nights: Revisiting the Slumber Party Massacres
6.4,Salt
6.4,Salt
6.4,The Dictator
6.4,Awake
6.4,The Dictator
6.4,Gone Daddy Gone
6.4,Killer Elite
6.4,Contraband
6.4,Henry Poole Is Here
6.4,Thanksgiving
6.4,Girl Rising
6.4,The Screwfly Solution
6.4,Never Back Down
6.4,Killer Elite
6.4,Golden Earrings
6.4,Killer Elite
6.4,Never Back Down
6.4,Hot Tub Time Machine
6.4,The Da Vinci Code
6.4,An Evening with My Comatose Mother
6.4,Act of Valor
6.4,The Key to Annabel Lee
6.4,The American
6.5,Aim for the Heart: A Guide to Vampire Defense
6.5,The Last House on the Left
6.5,The Expendables
6.5,The Expendables
6.5,The Experiment
6.5,Number One with a Bullet
6.5,Underworld: Rise of the Lycans
6.5,The Experiment
6.5,Number One with a Bullet
6.5,Due Date
6.5,On the Line: Dissent in an Age of Terrorism
6.5,Antichrist
6.5,Antichrist
6.5,Antichrist
6.5,Antichrist
6.5,Antichrist
6.5,Antichrist
6.5,Antichrist
6.5,National Treasure: Book of Secrets
6.5,Antichrist
6.5,Antichrist
6.5,On the Line: Dissent in an Age of Terrorism
6.5,Hancock
6.5,Stuck
6.5,Stuck
6.5,Fast & Furious
6.5,Fast & Furious
6.5,Achchamundu! Achchamundu!
6.5,Dark and Stormy Night
6.5,A Perfect Getaway
6.5,Safe
6.5,Safe
6.5,Dark and Stormy Night
6.5,Unknown
6.5,Unknown
6.5,Daybreakers
6.5,Daybreakers
6.5,A Perfect Getaway
6.5,Arn: Tempelriddaren
6.5,Hallelujah! Gorilla Revival
6.5,Arn: Tempelriddaren
6.5,Forgotten
6.5,The Six Degrees of Helter Skelter
6.5,Arn: Tempelriddaren
6.5,Arn: Tempelriddaren
6.5,The Expendables
6.5,Sommer '04
6.5,Slither
6.5,Hollywoodland
6.5,Slither
6.5,Savages
6.5,Savages
6.5,Hollywoodland
6.5,The Hangover Part II
6.5,Slither
6.5,A Dangerous Method
6.5,Alle Anderen
6.5,Min bedste fjende
6.5,Blood Trail
6.5,A Dangerous Method
6.5,Blood Trail
6.5,Death by Death
6.5,Hua Mulan
6.5,Death by Death
6.5,Episode 1: Arrival
6.5,Silent Hill
6.5,Silent Hill
6.5,Silent Hill
6.5,The Woman in Black
6.5,The Woman in Black
6.5,The Woman in Black
6.5,Middle Men
6.5,The Nativity Story
6.5,Middle Men
6.5,The Merry Gentleman
6.5,The Mechanic
6.5,The Mechanic
6.5,The Mechanic
6.5,Confessions of an Eco-Terrorist
6.5,The Mechanic
6.5,Till det som är vackert
6.5,Cease to Exist
6.5,Toto Forever
6.5,The Last Stand
6.5,Margaret
6.5,Aim for the Heart: A Guide to Vampire Defense
6.5,The International
6.5,The International
6.5,The International
6.5,The International
6.5,The Last House on the Left
6.5,The Last House on the Left
6.5,Beautiful Boy
6.5,I Love You Mommy
6.5,Get Smart
6.5,Get Smart
6.6,Catch a Fire
6.6,Pride and Glory
6.6,Vantage Point
6.6,Catch a Fire
6.6,I Love You Phillip Morris
6.6,Una vida mejor
6.6,Angels & Demons
6.6,Una vida mejor
6.6,Before the Rains
6.6,30 Days of Night
6.6,Angels & Demons
6.6,Catch a Fire
6.6,In Time
6.6,You're Next
6.6,Your Mommy Kills Animals
6.6,30 Days of Night
6.6,In Time
6.6,In Time
6.6,Trucker
6.6,Pilot
6.6,The Education of Charlie Banks
6.6,Zero Killed
6.6,In Time
6.6,Zero Killed
6.6,16 Blocks
6.6,16 Blocks
6.6,16 Blocks
6.6,16 Blocks
6.6,16 Blocks
6.6,The Forbidden Kingdom
6.6,The Forbidden Kingdom
6.6,Rosas Höllenfahrt
6.6,16 Blocks
6.6,The Forbidden Kingdom
6.6,Gone with the Pope
6.6,30 Days of Night
6.6,Absent
6.6,One Shot
6.6,Eagle Eye
6.6,The Lovely Bones
6.6,The Lovely Bones
6.6,Eagle Eye
6.6,Gone with the Pope
6.6,Die Wand
6.6,Timon's Friendship Adventure
6.6,Between Heaven and Hell
6.6,Edge of Darkness
6.6,The Bet
6.6,Severance
6.6,Edge of Darkness
6.6,Edge of Darkness
6.6,What Doesn't Kill You
6.6,Thicker Than Water: The Vampire Diaries Part 1
6.6,The Crazies
6.6,A Mighty Heart
6.6,Laura Panic
6.6,Break In
6.6,Albert Nobbs
6.6,The Soloist
6.6,The Soloist
6.6,Australia
6.6,Shuteye Hotel
6.6,Australia
6.6,The Crazies
6.6,Bloodbath
6.6,Bloodbath
6.6,Smokin' Aces
6.6,The Chronicles of Narnia: Prince Caspian
6.6,Blood and Bone
6.6,The Crazies
6.6,Gone with the Pope
6.6,King of California
6.6,Blood and Bone
6.6,Vantage Point
6.6,Prince of Persia: The Sands of Time
6.6,Prince of Persia: The Sands of Time
6.6,John Carter
6.6,The Chronicles of Narnia: Prince Caspian
6.6,List of Saints
6.6,How to Kiss a Frog
6.6,Pride and Glory
6.6,Pride and Glory
6.6,Pride and Glory
6.6,Pride and Glory
6.6,Pride and Glory
6.7,Wanted
6.7,X-Men Origins: Wolverine
6.7,Wanted
6.7,Mr. Untouchable
6.7,Wanted
6.7,DollParts
6.7,Sleepwalking Theo
6.7,Princess
6.7,Wanted
6.7,Wanted
6.7,Wanted
6.7,Wanted
6.7,Mystery Team
6.7,Mystery Team
6.7,Princess
6.7,Princess
6.7,Scoop
6.7,Alois Nebel
6.7,Schastye moe
6.7,Princess
6.7,Princess
6.7,Princess
6.7,Sinister
6.7,J. Edgar
6.7,The Call
6.7,Bad
6.7,Seraphim Falls
6.7,Seraphim Falls
6.7,Ladrón que roba a ladrón
6.7,Seraphim Falls
6.7,The Call
6.7,Boy Wonder
6.7,Just for Today
6.7,The Boy Who Wouldn't Kill
6.7,Resurrecting the Champ
6.7,The Bourne Legacy
6.7,Revenant
6.7,Insidious
6.7,Broderskab
6.7,Broderskab
6.7,The Dead Girl
6.7,The Bourne Legacy
6.7,Contagion
6.7,Broken
6.7,Richard III
6.7,The Good Shepherd
6.7,The Good Shepherd
6.7,Brooklyn's Finest
6.7,The Good Shepherd
6.7,The Bad Lieutenant: Port of Call - New Orleans
6.7,The Bad Lieutenant: Port of Call - New Orleans
6.7,The Bad Lieutenant: Port of Call - New Orleans
6.7,Brooklyn's Finest
6.7,Crossing Over
6.7,Pandorum
6.7,Pandorum
6.7,Day of a Thousand Screams
6.7,Step Brothers
6.7,Aqua Teen Hunger Force Colon Movie Film for Theaters
6.7,Bernie
6.7,Verfolgt
6.7,Quantum of Solace
6.7,Robin Hood
6.7,Robin Hood
6.7,Robin Hood
6.7,Gebrochene Herzen
6.7,Darfur Now
6.7,iPsycho
6.7,The Dead Girl
6.7,The Dead Girl
6.7,Delta
6.7,Transsiberian
6.7,The Girl Next Door
6.7,The Girl Next Door
6.7,The Girl Next Door
6.7,The Destruction Room
6.7,Love Crimes of Kabul
6.7,Beantown
6.7,Beantown
6.7,Rachel Getting Married
6.7,Transsiberian
6.7,Beantown
6.7,The Jeffrey Dahmer Files
6.7,Underworld: Evolution
6.7,Shoot 'Em Up
6.7,Cassandra's Dream
6.7,Terminator Salvation
6.7,Terminator Salvation
6.7,Terminator Salvation
6.7,Terminator Salvation
6.7,Shoot 'Em Up
6.7,Behind the Mask: The Rise of Leslie Vernon
6.7,Shoot 'Em Up
6.7,Varg Veum - Falne engler
6.7,X-Men Origins: Wolverine
6.7,Generation P
6.7,X-Men Origins: Wolverine
6.7,Wanted
6.7,A Call to Arms
6.8,The Expendables 2
6.8,Mýrin
6.8,The Hunting Party
6.8,X-Men: The Last Stand
6.8,The James Holmes Conspiracy
6.8,The Grey
6.8,Gardens of the Night
6.8,Machete
6.8,Machete
6.8,The Expendables 2
6.8,Machete
6.8,Machete
6.8,Red Road
6.8,Gardens of the Night
6.8,The James Holmes Conspiracy
6.8,Rendition
6.8,Undisputed II: Last Man Standing
6.8,Gangster Squad
6.8,TRON: Legacy
6.8,TRON: Legacy
6.8,TRON: Legacy
6.8,Kriegerin
6.8,Søde lille du
6.8,Søde lille du
6.8,Søde lille du
6.8,Anne Perry: Interiors
6.8,Death Sentence
6.8,The A-Team
6.8,Zhan. gu
6.8,Alpha Dog
6.8,Anonymous
6.8,Zhan. gu
6.8,Anonymous
6.8,Tristan + Isolde
6.8,Zhan. gu
6.8,Tristan + Isolde
6.8,Tristan + Isolde
6.8,Trick 'r Treat
6.8,Trick 'r Treat
6.8,Gridiron Gang
6.8,1408
6.8,The A-Team
6.8,The A-Team
6.8,1408
6.8,Neshoba
6.8,Rendition
6.8,Das ewig Böse
6.8,The Lesson
6.8,Super
6.8,Super
6.8,Killer Joe
6.8,Snitch
6.8,Killer Joe
6.8,Killer Joe
6.8,Rendition
6.8,Rene hjerter
6.8,Valentine Road
6.8,Kriegerin
6.8,Kriegerin
6.8,Death Sentence
6.8,Safe House
6.8,Kavi
6.8,Captain America: The First Avenger
6.8,Undisputed II: Last Man Standing
6.8,Filler!
6.8,Filler!
6.8,Alpha Dog
6.8,Captain America: The First Avenger
6.8,Mission: Impossible III
6.8,Kriegerin
6.8,Kriegerin
6.8,Inland Empire
6.8,Mission: Impossible III
6.8,Inland Empire
6.8,Inland Empire
6.8,Kriegerin
6.8,Gangster Squad
6.8,Plata o Plomo
6.8,Fair Game
6.8,The Book of Eli
6.8,Street Kings
6.8,Street Kings
6.8,Street Kings
6.8,Lesson Plan
6.8,Appaloosa
6.8,Lesson Plan
6.8,Mýrin
6.8,Gangster Squad
6.8,Rosario
6.8,It Is Fine! Everything Is Fine.
6.8,Family Man
6.8,Kwame
6.8,Special
6.8,Appaloosa
6.8,The Forgiveness of Blood
6.8,The Forgiveness of Blood
6.8,Appaloosa
6.8,The Hit
6.8,Mýrin
6.8,Interview
6.8,Dead Man Down
6.8,The Brothers Bloom
6.8,The Brave One
6.8,The Brave One
6.8,Chiko
6.8,Mýrin
6.8,The Book of Eli
6.8,Where the Wild Things Are
6.8,Where the Wild Things Are
6.8,The Book of Eli
6.8,The Brave One
6.8,The Expendables 2
6.8,Goya's Ghosts
6.8,Pilot
6.9,A Small Act
6.9,Unknown
6.9,Res dej inte!
6.9,The New Tenants
6.9,Insidious
6.9,Res dej inte!
6.9,Hanna
6.9,Ghosts of Cité Soleil
6.9,Hanna
6.9,Pain & Gain
6.9,Pain & Gain
6.9,Men in Black 3
6.9,Orphan
6.9,Eurocrime! The Italian Cop and Gangster Films That Ruled the '70s
6.9,Disturbia
6.9,Cleanflix
6.9,Disturbia
6.9,The Cohasset Snuff Film
6.9,Sacco and Vanzetti
6.9,Habermann
6.9,Human Waste
6.9,Disturbia
6.9,Unknown
6.9,Orphan
6.9,The Conspirator
6.9,Horrible Bosses
6.9,Orphan
6.9,Orphan
6.9,Frygtelig lykkelig
6.9,Black Irish
6.9,Gå med fred Jamil - Ma salama Jamil
6.9,Kautokeino-opprøret
6.9,Kautokeino-opprøret
6.9,The Small Assassin
6.9,We Own the Night
6.9,Men in Black 3
6.9,The Incredible Hulk
6.9,Hanna
6.9,We Own the Night
6.9,Hanna
6.9,Sing Your Song
6.9,En ganske snill mann
6.9,Sing Your Song
6.9,The Incredible Hulk
6.9,En ganske snill mann
6.9,Kautokeino-opprøret
6.9,The Air I Breathe
6.9,En ganske snill mann
6.9,The Air I Breathe
6.9,Sing Your Song
6.9,Julia
6.9,Julia
6.9,The Air I Breathe
6.9,Born Villain
6.9,Unknown
6.9,Gå med fred Jamil - Ma salama Jamil
6.9,Ghosts of Cité Soleil
6.9,Püha Tõnu kiusamine
6.9,Drip
6.9,Drip
6.9,Snow Angels
6.9,Sunshine Cleaning
6.9,Sunshine Cleaning
6.9,Anonyma - Eine Frau in Berlin
6.9,New York Memories
6.9,A londoni férfi
6.9,Along the Way
6.9,Along the Way
6.9,Unknown
6.9,Unknown
6.9,Gå med fred Jamil - Ma salama Jamil
6.9,Gå med fred Jamil - Ma salama Jamil
6.9,Along the Way
6.9,Along the Way
6.9,We Own the Night
6.9,A Guide to Recognizing Your Saints
6.9,Beast
6.9,Green Zone
6.9,A Guide to Recognizing Your Saints
6.9,Unknown
6.9,The New Tenants
7.0,Flickan som lekte med elden
7.0,Flickan som lekte med elden
7.0,Flickan som lekte med elden
7.0,Crank
7.0,Get the Gringo
7.0,Flickan som lekte med elden
7.0,We Are the Sea
7.0,Small Town Gay Bar
7.0,Charlie Bartlett
7.0,Dredd
7.0,Motel 5150
7.0,Holy Motors
7.0,Jackass Number Two
7.0,Jackass 3D
7.0,Flickan som lekte med elden
7.0,Holy Motors
7.0,Jack Reacher
7.0,Blue Ridge
7.0,Talhotblond:
7.0,Nothing Is Private
7.0,Import/Export
7.0,Red
7.0,Son of Rambow
7.0,Whap
7.0,Flickan som lekte med elden
7.0,Red
7.0,Addicts
7.0,Jack Reacher
7.0,Jack Reacher
7.0,The Kingdom
7.0,Down and Dangerous
7.0,Iztochni piesi
7.0,The Kingdom
7.0,Breach
7.0,The Kingdom
7.0,Down and Dangerous
7.0,The Kingdom
7.0,Pineapple Express
7.0,Kunsten å tenke negativt
7.0,Smoked
7.0,Down and Dangerous
7.0,Pineapple Express
7.0,Pineapple Express
7.0,Tropic Thunder
7.0,Tropic Thunder
7.0,Breach
7.0,Tropic Thunder
7.0,A Boys Night Out
7.0,Tropic Thunder
7.0,Trolljegeren
7.0,Another Earth
7.0,Olympus Has Fallen
7.0,Lucia no besa a nadie
7.0,Randal
7.0,A Scanner Darkly
7.0,Prometheus' Garden
7.0,Olympus Has Fallen
7.0,9
7.0,Olympus Has Fallen
7.0,A Serious Man
7.0,Black Snake Moan
7.0,8: The Mormon Proposition
7.0,Hesher
7.0,Deja Vu
7.0,Ajami
7.0,Lucia no besa a nadie
7.0,Ajami
7.0,Deja Vu
7.0,American Grindhouse
7.0,Hesher
7.0,Hesher
7.0,The Secret Life of Bees
7.0,Dredd
7.0,Dredd
7.0,Paul
7.0,Paul
7.0,Ajami
7.0,Demons for Angels
7.0,Paraiso Travel
7.0,Demons for Angels
7.0,Glory Road
7.0,Traitor
7.0,Flickan som lekte med elden
7.0,Paisan
7.0,Our Lost Translation
7.0,Date Night
7.0,Buried
7.0,Buried
7.0,Burn After Reading
7.0,Burn After Reading
7.0,Infamous
7.0,Infamous
7.0,Marienfeuer
7.0,Public Enemies
7.0,Infamous
7.0,Public Enemies
7.0,Public Enemies
7.0,Martha Marcy May Marlene
7.0,Control
7.0,Ajami
7.0,Thor
7.0,Prayer of the Bone
7.0,Flickan som lekte med elden
7.0,Flickan som lekte med elden
7.1,The First Grader
7.1,John Rabe
7.1,Hellboy II: The Golden Army
7.1,The Princess and the Frog
7.1,Vi ses
7.1,The First Grader
7.1,Chronicle
7.1,Cloverfield
7.1,I Am Legend
7.1,Vegasland
7.1,Hellboy II: The Golden Army
7.1,The Angel's Fountain
7.1,The Angel's Fountain
7.1,Hellboy II: The Golden Army
7.1,Tinker Tailor Soldier Spy
7.1,Vegasland
7.1,Things We Lost in the Fire
7.1,The Lookout
7.1,The Lookout
7.1,Blutende Herzen
7.1,The First Grader
7.1,Brothers
7.1,Brothers
7.1,In the Name of the Son
7.1,Vegasland
7.1,Hellboy II: The Golden Army
7.1,Le silence de Lorna
7.1,State of Play
7.1,Lore
7.1,Super 8
7.1,Lore
7.1,Los viajes del viento
7.1,Super 8
7.1,The Eagle Path
7.1,State of Play
7.1,The Cabin in the Woods
7.1,The Cabin in the Woods
7.1,The Eagle Path
7.1,Flags of Our Fathers
7.1,R
7.1,Flags of Our Fathers
7.1,Rambo
7.1,Rambo
7.1,Rambo
7.1,Rambo
7.1,Rambo
7.1,Rambo
7.1,Shotgun Stories
7.1,Fracture
7.1,Conviction
7.1,Shooter
7.1,Veronica
7.1,Shooter
7.1,Fracture
7.1,Pierre in Peril
7.1,Flags of Our Fathers
7.1,Pierre in Peril
7.1,A Better Life
7.1,The Lackey
7.1,Defiance
7.1,Iraq in Fragments
7.1,Iron Man 2
7.1,Iron Man 2
7.1,Shooter
7.1,Defiance
7.1,Conviction
7.1,Fracture
7.1,Fracture
7.1,(#1.1)
7.1,Che: Part One
7.1,Enter the Void
7.1,Playing Columbine
7.1,Enter the Void
7.1,Remember Me
7.1,Desert Flower
7.1,Luftslottet som sprängdes
7.1,Luftslottet som sprängdes
7.1,Luftslottet som sprängdes
7.1,Death Proof
7.1,Without/Within
7.1,Body of Lies
7.1,Body of Lies
7.1,Body of Lies
7.1,Defiance
7.1,John Rabe
7.1,Saturday Night Special
7.1,Valkyrie
7.1,Drømmen
7.1,Conviction
7.1,Valkyrie
7.1,Valkyrie
7.1,Valkyrie
7.1,Valkyrie
7.1,Saved
7.1,Birds of a Feather
7.1,Valkyrie
7.1,The Angel's Fountain
7.2,Ganavim Ba Hok
7.2,Prometheus
7.2,Prodigal Sons
7.2,Going to Pieces: The Rise and Fall of the Slasher Film
7.2,Flammen & Citronen
7.2,Nothing But the Truth
7.2,Flammen & Citronen
7.2,Flammen & Citronen
7.2,Amos
7.2,In the Valley of Elah
7.2,The Amazing Spider-Man
7.2,The Amazing Spider-Man
7.2,Sternenkinder
7.2,Undisputed III: Redemption
7.2,American Hardcore
7.2,Undisputed III: Redemption
7.2,Designer Jane
7.2,No Turning Back
7.2,American Hardcore
7.2,Mongol
7.2,The Iceman
7.2,Let Me In
7.2,Black Dynamite
7.2,Black Dynamite
7.2,The Mist
7.2,Proof
7.2,The Hunger Games
7.2,The Hunger Games
7.2,The Hunger Games
7.2,The Mist
7.2,Forgetting Sarah Marshall
7.2,Rocky Balboa
7.2,Sigh
7.2,Ganavim Ba Hok
7.2,Eaglewalk
7.2,God Bless America
7.2,Killing Killian
7.2,Pilot
7.2,Killing Killian
7.2,Counter-Blow
7.2,Counter-Blow
7.2,Counter-Blow
7.2,Kon-Tiki
7.2,Kon-Tiki
7.2,Kon-Tiki
7.2,Frozen River
7.2,Pro-Black Sheep
7.2,Deadscapes: Broken Road
7.2,Going to Pieces: The Rise and Fall of the Slasher Film
7.2,God Bless America
7.2,The Night of the Comet
7.2,Prometheus
7.2,Ganavim Ba Hok
7.2,God Bless America
7.2,Side Effects
7.2,The Viewer
7.2,Going to Pieces: The Rise and Fall of the Slasher Film
7.2,Prometheus
7.2,Cabrini Green
7.2,Cabrini Green
7.2,Flammen & Citronen
7.3,Into the Abyss
7.3,The Way Back
7.3,Divided We Fall: Americans in the Aftermath
7.3,Into the Abyss
7.3,Into the Abyss
7.3,Into the Abyss
7.3,The U.S. vs. John Lennon
7.3,The U.S. vs. John Lennon
7.3,Blockhead
7.3,Into the Abyss
7.3,Into the Abyss
7.3,Law Abiding Citizen
7.3,When the Door Opens
7.3,Law Abiding Citizen
7.3,Before the Devil Knows You're Dead
7.3,Hwanghae
7.3,Jane Eyre
7.3,Kongen av Bastøy
7.3,Kongen av Bastøy
7.3,Hwanghae
7.3,Law Abiding Citizen
7.3,Lawless
7.3,Wake
7.3,Knowing Aaron
7.3,Lawless
7.3,Black Magic Woman
7.3,Pilot
7.3,Hip-Hop: Beyond Beats & Rhymes
7.3,The Next Three Days
7.3,Pop Foul
7.3,Black Magic Woman
7.3,Michael Clayton
7.3,Borat: Cultural Learnings of America for Make Benefit Glorious Nation of Kazakhstan
7.3,They Came from Hell
7.3,Planet Terror
7.3,Planet Terror
7.3,Pirates of the Caribbean: Dead Man's Chest
7.3,RocknRolla
7.3,They Came from Hell
7.3,Dead of Night
7.3,Dead of Night
7.3,Found
7.3,They Came from Hell
7.3,Thirsty
7.3,This Must Be the Place
7.3,Partners
7.3,The Ghost Writer
7.3,Limitless
7.3,The Bank Job
7.3,Freedom Summer
7.3,Limitless
7.3,D 4 Delivery
7.3,Flight
7.3,The Fountain
7.3,The Fountain
7.3,The Road
7.3,The Road
7.3,The Road
7.3,Live Free or Die Hard
7.3,A nyomozó
7.3,Double Blind
7.3,Apocrypha
7.3,One for the Fire: The Legacy of 'Night of the Living Dead'
7.3,One for the Fire: The Legacy of 'Night of the Living Dead'
7.3,Live Free or Die Hard
7.3,Live Free or Die Hard
7.3,Fast Five
7.3,D.O.D.
7.3,Chicago 10
7.3,The Lincoln Lawyer
7.3,Chicago 10
7.3,Dirty Loyal
7.3,Sunshine
7.3,Sunshine
7.3,Harrys Comeback - Letzter Puff vor Helgoland
7.3,D.O.D.
7.3,Winter's Bone
7.3,Winter's Bone
7.3,Den brysomme mannen
7.3,Der Baader Meinhof Komplex
7.3,Der Baader Meinhof Komplex
7.3,Wristcutters: A Love Story
7.3,Der Baader Meinhof Komplex
7.3,The Pickle Jar
7.3,Before the Devil Knows You're Dead
7.3,Beasts of the Southern Wild
7.4,Running Scared
7.4,Rescue Dawn
7.4,Harvey Daggit and the Devil's Olives
7.4,The Exemption of Hunter Riley
7.4,Blue Valentine
7.4,The Simpsons Movie
7.4,Playing Cards with Coyote
7.4,Ancient History
7.4,Standard Operating Procedure
7.4,Standard Operating Procedure
7.4,Pale Blue Balloons
7.4,Submarino
7.4,Submarino
7.4,Harry Potter and the Half-Blood Prince
7.4,Harry Potter and the Half-Blood Prince
7.4,Submarino
7.4,Submarino
7.4,Once Upon a Time in Norway
7.4,Unloved
7.4,Running Scared
7.4,Nina
7.4,Nina
7.4,Exposed
7.4,Exposed
7.4,Nina
7.4,Check Brights
7.4,Running Scared
7.4,Headlock
7.4,Headlock
7.4,Running Scared
7.4,The Assassin
7.4,Like a Moth to a Flame
7.4,Trade
7.4,Trade
7.4,Trade
7.4,Trade
7.4,Roman Polanski: Wanted and Desired
7.4,Trade
7.4,Trade
7.4,Living in Emergency: Stories of Doctors Without Borders
7.4,React to Contact
7.4,Running Scared
7.4,Living in Emergency: Stories of Doctors Without Borders
7.4,The Poet's Fire
7.4,Freedom Writers
7.4,Across the Universe
7.4,Let the Games Begin
7.4,Freedom Writers
7.4,Pray the Devil Back to Hell
7.4,Across the Universe
7.4,Ripped Memories
7.4,Pray the Devil Back to Hell
7.4,Precious
7.4,Revolutionary Road
7.4,Mr. Brooks
7.4,Mr. Brooks
7.4,Mr. Brooks
7.4,Trumbo
7.4,No Ordinary Mobster
7.4,Project Dawn #4
7.4,Running Scared
7.4,No Ordinary Animal
7.4,Mission: Impossible - Ghost Protocol
7.4,Dog and Pony
7.4,Sherlock Holmes: A Game of Shadows
7.4,Sherlock Holmes: A Game of Shadows
7.4,The Bucket List
7.4,All in the Family
7.4,Repo! The Genetic Opera
7.4,Rescue Dawn
7.5,En kongelig affære
7.5,Stoker
7.5,A Day's Work
7.5,Scott Pilgrim vs. the World
7.5,Babel
7.5,Scott Pilgrim vs. the World
7.5,Sploosh
7.5,Beneath the Veneer of a Murder
7.5,Freedom Riders
7.5,Babel
7.5,En kongelig affære
7.5,En kongelig affære
7.5,The Great Debaters
7.5,Beneath the Veneer of a Murder
7.5,Restrepo
7.5,We Need to Talk About Kevin
7.5,Hog Butcher
7.5,Hog Butcher
7.5,Hodejegerne
7.5,Babel
7.5,Pierre Woodman und Brian Yuzna
7.5,We Need to Talk About Kevin
7.5,Hodejegerne
7.5,Shark
7.5,Source Code
7.5,Source Code
7.5,Perfume: The Story of a Murderer
7.5,Beneath the Veneer of a Murder
7.5,We Need to Talk About Kevin
7.5,Crazy Beats Strong Every Time
7.5,Tune for Two
7.5,In the Red
7.5,This Film Is Not Yet Rated
7.5,A Bright New Day
7.5,Perfume: The Story of a Murderer
7.5,Jesus Camp
7.5,Hidden
7.5,Reign Over Me
7.5,No Ordinary Marriage
7.5,Perfume: The Story of a Murderer
7.5,Sita Sings the Blues
7.5,Perfume: The Story of a Murderer
7.5,Young Folks
7.5,Zero Dark Thirty
7.5,Sweeney Todd: The Demon Barber of Fleet Street
7.5,Il y a longtemps que je t'aime
7.5,Sweeney Todd: The Demon Barber of Fleet Street
7.5,The Talented Ms. Boddicker
7.5,Pilot
7.5,The Wind That Shakes the Barley
7.5,The Wind That Shakes the Barley
7.5,The Wind That Shakes the Barley
7.5,The Sabbath Queen
7.5,God Is a Comedian
7.5,Marshall
7.5,Die Welle
7.5,Felon
7.5,Felon
7.5,A Single Man
7.5,Stoker
7.5,Mozambique
7.6,The Reader
7.6,Rise of the Planet of the Apes
7.6,Fixer
7.6,The Red Serpent
7.6,Hævnen
7.6,Hævnen
7.6,Hævnen
7.6,Sherlock Holmes
7.6,Sherlock Holmes
7.6,Sherlock Holmes
7.6,Mr. Monk Goes to the Hospital
7.6,The Reader
7.6,Hævnen
7.6,The Illusionist
7.6,Hævnen
7.6,Sherlock Holmes
7.6,The Town
7.6,The Town
7.6,Harry Potter and the Deathly Hallows: Part 1
7.6,Die Fälscher
7.6,Pirate Special
7.6,Hævnen
7.6,Die Fälscher
7.6,Fixer
7.6,Bloodletting
7.6,Superbad
7.6,Love on Ice
7.6,Sin nombre
7.6,Die Fälscher
7.6,Sherlock Holmes
7.6,Sherlock Holmes
7.6,Larry Flynt: The Right to Be Left Alone
7.6,Gumball!
7.6,Sin nombre
7.6,Gloucester/Pavuvu/Banika
7.6,The First Bite Is the Deepest
7.6,Nordvest
7.6,Vice
7.6,Milk
7.6,Book of Hours
7.6,Milk
7.6,Threads
7.6,Milk
7.6,Huo Yuan Jia
7.6,Tucker and Dale vs Evil
7.6,The Assassination of Jesse James by the Coward Robert Ford
7.6,The Assassination of Jesse James by the Coward Robert Ford
7.6,The Assassination of Jesse James by the Coward Robert Ford
7.6,Bennys gym
7.6,Black and White
7.6,Ghost in the Machines
7.6,Huo Yuan Jia
7.6,Black Sox
7.6,Black Sox
7.6,The Kite Runner
7.6,The Kite Runner
7.6,The Kite Runner
7.6,Huo Yuan Jia
7.6,Gurgle
7.6,Deja Vu
7.6,Watchmen
7.6,Serbuan maut
7.6,Serbuan maut
7.6,Love Always
7.6,Love Always
7.6,Murder on Vine
7.6,Santa Croce
7.6,Watchmen
7.6,End of Watch
7.6,Lost Angels
7.6,Serbuan maut
7.6,The Legend of Beaver Dam
7.6,The Gold Coin Kid
7.6,Looper
7.6,Looper
7.6,Looper
7.6,Deja Vu
7.6,Black and White
7.7,Frankie
7.7,Grindhouse
7.7,127 Hours
7.7,Alexis Stone II
7.7,Lucky Number Slevin
7.7,Gonzo: The Life and Work of Dr. Hunter S. Thompson
7.7,United 93
7.7,United 93
7.7,Pilot
7.7,Seep
7.7,The Last King of Scotland
7.7,Lack of Candor
7.7,Killer App
7.7,The Last King of Scotland
7.7,Lucky Number Slevin
7.7,Seep
7.7,The Better Half
7.7,Frankie
7.7,Pilot
7.7,Gone Baby Gone
7.7,Lucky Number Slevin
7.7,Lucky Number Slevin
7.7,Lucky Number Slevin
7.7,Autism: The Musical
7.7,Chapter Two 'Lizards'
7.7,Religulous
7.7,Eastern Promises
7.7,Bullet Bump
7.7,Grindhouse
7.7,Religulous
7.7,Religulous
7.7,How to Make a Killing in Big Business: Part 3
7.7,300
7.7,Bullet Bump
7.7,Eastern Promises
7.7,Killer App
7.7,Eastern Promises
7.7,300
7.7,Wasn't That Enough?
7.7,Grindhouse
7.7,Closure
7.7,A Stone of the Heart
7.7,The Trials of Darryl Hunt
7.7,Project Dawn #2
7.7,Delinquent
7.7,Nanking
7.7,Nanking
7.7,Nanking
7.7,Stardust
7.7,Fold Equity
7.7,Fold Equity
7.7,Project Dawn #3
7.7,Underbelly Blues
7.7,Westside
7.7,Gone Baby Gone
7.7,Project Dawn #5
7.7,Les Misérables
7.7,Les Misérables
7.7,Mise-en-abyme
7.7,Iron Man 3
7.7,Iron Man 3
7.7,Gone Baby Gone
7.7,Lucky Number Slevin
7.7,Closure
7.7,Closure
7.7,Stranger Than Fiction
7.7,Unsafe
7.7,A Perfect Score
7.7,Honour Bound
7.7,Cloud Atlas
7.7,The Hurt Locker
7.7,Chapter Two
7.7,Psychotropica
7.7,Psychotropica
7.7,Psychotropica
7.7,Cloud Atlas
7.7,Zodiac
7.7,Zodiac
7.7,Zodiac
7.7,Zombieland
7.7,Zombieland
7.7,The Hurt Locker
7.7,Cahuenga Pass
7.7,Alexis Stone II
7.7,Haunted
7.7,War Dance
7.7,Call Me Kuchu
7.7,The Hurt Locker
7.7,The Lies That Bind
7.7,Delinquent
7.8,Project Dawn #7
7.8,The Stoning of Soraya M.
7.8,Ruined
7.8,Project Dawn #8
7.8,Seeds
7.8,The Fall
7.8,Cocaine Cowboys
7.8,Bombshell
7.8,Män som hatar kvinnor
7.8,Lost Children of the Blood
7.8,Enigma
7.8,Tangled
7.8,Apocalypto
7.8,Apocalypto
7.8,Riverbrook
7.8,Apocalypto
7.8,Das weiße Band - Eine deutsche Kindergeschichte
7.8,X-Men: First Class
7.8,Cocaine Cowboys
7.8,Changeling
7.8,Das weiße Band - Eine deutsche Kindergeschichte
7.8,For Blood or Money
7.8,Changeling
7.8,Pro Patria
7.8,Friday Night Bites
7.8,Sally in the Alley
7.8,Cocaine Cowboys
7.8,Pilot
7.8,Wireface: In the Beginning...
7.8,The Hangover
7.8,The Clocks
7.8,Secret Santa
7.8,Spooky Little Girl
7.8,Moonrise Kingdom
7.8,Run Like Hell
7.8,Then... and Again
7.8,Pilot
7.8,The Black Drop
7.8,The Hangover
7.8,The Only Thing Sure
7.8,Curfew
7.8,Män som hatar kvinnor
7.8,Män som hatar kvinnor
7.8,Män som hatar kvinnor
7.8,Män som hatar kvinnor
7.8,3:10 to Yuma
7.8,American Gangster
7.8,American Gangster
7.8,A561984
7.8,Män som hatar kvinnor
7.8,Män som hatar kvinnor
7.8,Skyfall
7.8,True Grit
7.8,Män som hatar kvinnor
7.8,Män som hatar kvinnor
7.8,3:10 to Yuma
7.8,Män som hatar kvinnor
7.8,3:10 to Yuma
7.8,Atonement
7.8,Unchained
7.8,Auf der anderen Seite
7.8,Kick-Ass
7.8,Kick-Ass
7.8,Severed
7.8,True Grit
7.8,Gasp
7.8,Män som hatar kvinnor
7.8,O'Leary's Cow
7.8,O'Leary's Cow
7.8,Män som hatar kvinnor
7.8,Sweet Sixteen
7.8,Sweet Sixteen
7.8,The Stoning of Soraya M.
7.8,Home
7.8,Mr. Nobody
7.8,Elina
7.8,Kick-Ass
7.8,Rebound
7.8,Project Dawn #9
7.9,Drive
7.9,Oiled
7.9,Splash
7.9,Drive
7.9,Control Factor
7.9,Drive
7.9,The Fighter
7.9,The Girl with the Dragon Tattoo
7.9,The Girl with the Dragon Tattoo
7.9,Charlotte's Web of Lies
7.9,Chapter One 'Four Months Later...'
7.9,The Girl with the Dragon Tattoo
7.9,Earth
7.9,A Patriot Act
7.9,Jonestown: The Life and Death of Peoples Temple
7.9,Earth
7.9,Breakfast Food Killer
7.9,Would I Think of Suicide?
7.9,St. Valentine's Day Massacre
7.9,St. Valentine's Day Massacre
7.9,Persepolis
7.9,Persepolis
7.9,Hot Fuzz
7.9,Snake Eyes
7.9,Hot Fuzz
7.9,Hot Fuzz
7.9,The Other Woman
7.9,Bathhouse & Hinky Dink
7.9,Tea and Sympathy
7.9,Blaze of Glory
7.9,The Age of Reason
7.9,Sunday Best
7.9,The World Will Break Your Heart
7.9,Pilot
7.9,Pilot
7.9,Giselle Blaylock & Legend Chandler
7.9,Giselle Blaylock & Legend Chandler
7.9,Kyle Ainge
7.9,Project Dawn #1
7.9,Project Dawn #1
7.9,Children of Men
7.9,The Trident
7.9,Nebraska
7.9,Children of Men
7.9,Children of Men
7.9,Fitna
7.9,Fitna
7.9,Salesman
7.9,Salesman
7.9,Wicks
7.9,Time to Time
7.9,Time to Time
7.9,Behold a Pale Rider
7.9,Iron Man
7.9,Always the Cowboy
7.9,Snap
7.9,Letters from Iwo Jima
7.9,Rubber Man
7.9,Pilot
7.9,Open House
7.9,Iron Man
7.9,Letters from Iwo Jima
7.9,The Hammer
7.9,Amour
7.9,Letters from Iwo Jima
7.9,Wildfire
7.9,Tell It to the Frogs
7.9,Taxi to the Dark Side
7.9,Taxi to the Dark Side
7.9,Taxi to the Dark Side
7.9,Anatomia
7.9,Broken
7.9,Rock Star
7.9,Taken
7.9,Taken
7.9,Taken
7.9,Casino Royale
7.9,Lake of Fire
7.9,Casino Royale
7.9,Veterans
7.9,Casino Royale
7.9,Casino Royale
7.9,Oiled
7.9,Casino Royale
7.9,Casino Royale
7.9,Diving In
8.0,The Origins of Monstrosity
8.0,The Man in the Mirror
8.0,Blood Diamond
8.0,Shutter Island
8.0,Old Bones
8.0,Tourist
8.0,Avatar
8.0,The White Room
8.0,Shutter Island
8.0,Avatar
8.0,The Scrapper
8.0,A Tragic Assembly
8.0,The White Room
8.0,Blood Diamond
8.0,Blood Diamond
8.0,Blood Diamond
8.0,A Tragic Assembly
8.0,Avatar
8.0,Blood Diamond
8.0,Abracadabra
8.0,Project Dawn #10
8.0,In Bruges
8.0,In Bruges
8.0,Hi
8.0,The Deliverer
8.0,In Bruges
8.0,Låt den rätte komma in
8.0,Conjugal
8.0,Po'ipu
8.0,Welcome to the Tombs
8.0,The Life Inside
8.0,The Life Inside
8.0,Hide and Sea
8.0,Shutter Island
8.0,The Wrestler
8.0,Låt den rätte komma in
8.0,The Wrestler
8.0,Blood Diamond
8.0,Blood Diamond
8.0,Widening Gyre
8.0,Wild Onions
8.0,Wild Onions
8.0,Outbreak
8.0,A Tragic Assembly
8.0,District 9
8.0,Ratatouille
8.0,Blood Diamond
8.0,District 9
8.0,The Core of It
8.0,The Repressed
8.0,The Core of It
8.0,Piggy Piggy
8.0,Chekhov's Children
8.0,Blood Diamond
8.0,Replacing Death
8.0,District 9
8.0,Control
8.0,The Fog
8.0,Home Invasion
8.0,Home Invasion
8.0,How to Make a Killing in Big Business: Part 1
8.0,How to Make a Killing in Big Business: Part 1
8.0,The Collection
8.0,Widening Gyre
8.1,Join or Die
8.1,Murder House
8.1,Peleliu Landing
8.1,Home
8.1,Afterbirth
8.1,Truth or Consequences
8.1,Lochan Mor
8.1,Pilot
8.1,Long in the Tooth
8.1,Basilone
8.1,Long in the Tooth
8.1,The House Sitter
8.1,There Will Be Blood
8.1,The House Sitter
8.1,The Bourne Ultimatum
8.1,The Bourne Ultimatum
8.1,The Bourne Ultimatum
8.1,The Bourne Ultimatum
8.1,Fun Town
8.1,There Will Be Blood
8.1,Change Partners
8.1,There Will Be Blood
8.1,We Shall Live Forever
8.1,Walking Back the Cat
8.1,One Week Notice
8.1,One Angry Fuchsbau
8.1,Pilot
8.1,Broadway Limited
8.1,Capybara
8.1,Broadway Limited
8.1,Black Swan
8.1,Honey
8.1,Black Swan
8.1,The Push
8.1,Harry Potter and the Deathly Hallows: Part 2
8.1,Pilot
8.1,Apparition
8.1,Final Revision
8.1,The New King: Part Two
8.1,Patch Over
8.1,Locus of Control
8.1,Faith
8.1,Locus of Control
8.2,Al-Baqara
8.2,Sheeps and Wolves
8.2,Hell Followed
8.2,21
8.2,Warrior
8.2,Gran Torino
8.2,Grievous Bodily Harm
8.2,In a Grove
8.2,Gran Torino
8.2,The Last Lions
8.2,Small Tears
8.2,Pilot
8.2,Gran Torino
8.2,Hounded
8.2,Al-Baqara
8.2,The Last Lions
8.2,Anastasia
8.2,Gran Torino
8.2,The Debt Collector
8.2,Into the Wild
8.2,9 Lives
8.2,Pilot
8.2,Torture
8.2,Torture
8.2,AK-51
8.2,The Split Wife
8.2,Walk with Me
8.2,Samsara
8.2,Eureka
8.2,Family Limitation
8.2,Into the Wild
8.2,Sacrifice
8.2,Family Limitation
8.2,Sacrifice
8.2,Saul Goodman
8.2,Nights in Ballygran
8.2,Ourselves Alone
8.2,No Country for Old Men
8.2,Peg of Old
8.2,No Country for Old Men
8.2,No Country for Old Men
8.2,Turas
8.2,Need to Know
8.2,Second Chances
8.2,Blind Spot
8.2,Turas
8.2,Lie
8.2,Buried Above the Surface
8.2,Mike Royko's Revenge
8.2,$lowdown
8.2,Lie
8.2,Laying Pipe
8.2,Split Decision
8.2,Halloween: Part 1
8.2,I Am Anne Frank: Part 1
8.2,Blind Spot
8.2,Midnight Passion
8.2,You'd Be Surprised
8.2,Hell Followed
8.2,Nor'easter
8.2,Midnight Passion
8.2,White Widow
8.3,Reunion
8.3,Inglourious Basterds
8.3,Bound
8.3,June Wedding
8.3,June Wedding
8.3,Reckoning
8.3,Reunion
8.3,Guy Walks Into an Advertising Agency
8.3,The I of the Storm
8.3,Commissions and Fees
8.3,Inglourious Basterds
8.3,NS
8.3,The Two Escobars
8.3,A Mixture of Madness
8.3,The Two Escobars
8.3,Inglourious Basterds
8.3,Peleliu Airfield
8.3,The Avengers
8.3,The Two Escobars
8.3,Sovereign
8.3,Blowback
8.3,Teacher and Pupils
8.3,The Night Lands
8.3,Forfeit of Grace
8.3,Inglourious Basterds
8.3,Resolution
8.3,Paris Green
8.3,Fire in the Hole
8.3,Sanctuary
8.3,Popping Cherry
8.3,Vatos
8.3,TS-19
8.3,Georgia Peaches
8.3,Inglourious Basterds
8.3,Guts
8.3,Inglourious Basterds
8.3,NS
8.3,El laberinto del fauno
8.3,Small World
8.3,El laberinto del fauno
8.3,Battle of the Century
8.3,Inglourious Basterds
8.3,El laberinto del fauno
8.3,Inglourious Basterds
8.3,Fire in the Hole
8.3,TS-19
8.4,The Secret Friend
8.4,When the Dead Come Knocking
8.4,The Sleep of Babies
8.4,The Prestige
8.4,The Prestige
8.4,The Cove
8.4,Fa Guan
8.4,Lord Snow
8.4,Hatless
8.4,The Spoil
8.4,Smite
8.4,Hundred Dollar Baby
8.4,Na Triobloidi
8.4,Hatless
8.4,Dear Zachary: A Letter to a Son About His Father
8.4,Na Triobloidi
8.4,Javelin
8.4,Smoldering Children
8.4,To the Lost
8.4,The Bride Wore Blood
1.0,Naked Innocence
