movie_company,rating,western_violent_movie
Boll Kino Beteiligungs GmbH & Co. KG,3.7,Midnight Chronicles
CatchPlay,6.0,Bunraku
Entertainment Value Associates,6.9,Habermann
Falcon Films,3.2,Circle
Imagem Filmes,6.0,Bunraku
Innoform Media,3.0,The King of Fighters
Innoform Media,3.0,The King of Fighters
Innoform Media,3.0,The King of Fighters
Innoform Media,3.0,The King of Fighters
Innoform Media,3.0,The King of Fighters
Innoform Media,3.0,The King of Fighters
Micott & Basara K.K.,3.0,The King of Fighters
Micott & Basara K.K.,3.0,The King of Fighters
Micott & Basara K.K.,3.0,The King of Fighters
Micott & Basara K.K.,3.0,The King of Fighters
Micott & Basara K.K.,3.0,The King of Fighters
Micott & Basara K.K.,3.0,The King of Fighters
Micott & Basara K.K.,3.0,The King of Fighters
Micott & Basara K.K.,3.0,The King of Fighters
Micott & Basara K.K.,3.0,The King of Fighters
Micott & Basara K.K.,3.0,The King of Fighters
Micott & Basara K.K.,3.0,The King of Fighters
Micott & Basara K.K.,3.0,The King of Fighters
Pandora Filmproduktion,6.4,Boxhagener Platz
Pinema,5.3,Season of the Witch
Serenity Entertainment International,6.9,A Small Act
Seven Seas Media & Networks Co.,5.1,Exile
Trans World Associates,5.1,Exile
VVS Films,5.0,As Good as Dead
VVS Films,5.0,As Good as Dead
Walt Disney Studios Motion Pictures,6.6,Prince of Persia: The Sands of Time
Walt Disney Studios Motion Pictures,6.6,Prince of Persia: The Sands of Time
